0.1,0.955336489125606,1.9601331556824833,0.29950024994048446,-0.8865606199840188,-0.7946773231802449,2.9850124958340776,-0.3794630840620613,50.768573132473136,-138.12822646190088,-0.5149386514616272,0.043110004223780446,0.6704818010242024
0.15000000000000002,0.9004471023526769,1.910672978251212,0.4483143974207977,-1.3048966023336908,-1.1820808266453584,2.9663132338081266,-0.8800235132836669,49.98035327543436,-137.8271722776799,-0.470187492056895,0.041091012274407625,0.6232876123215605
0.2,0.8253356149096782,1.8421219880057702,0.5960079923851836,-1.6939274201851064,-1.557673369234602,2.940199733523725,-1.6283626354933685,48.64194659072992,-137.3995004356672,-0.415440481514074,0.03915833147618257,0.5694367988166539
0.25,0.7316888688738209,1.7551651237807455,0.7422118777635688,-2.0449162800700025,-1.917702154416812,2.9067372651319343,-2.6732650146237313,46.68235335645356,-136.8387664906021,-0.34974034550168426,0.03720542142430626,0.5083181142532459
0.30000000000000004,0.6216099682706644,1.6506712298193564,0.8865606199840188,-2.349980728882451,-2.258569893580142,2.866009467376818,-4.079430824985252,44.00419991934776,-136.1363156878808,-0.27197513537152174,0.0350941590389045,0.43953621522322445
0.35,0.4975710478917271,1.529684374568977,1.028693422366354,-2.6022696767820506,-2.576870748950764,2.8181181385421366,-5.9248400251339355,40.4846650005283,-135.28098093180762,-0.18117396486242965,0.032641247019790924,0.363310570929598
0.4,0.3623577544766734,1.3934134186943308,1.1682550269259515,-2.7961172579016793,-2.869424363598091,2.7631829820086553,-8.289343003480937,35.98479872917569,-134.2586845761042,-0.07716645870388145,0.029606350184638613,0.28120267916500696
0.45000000000000007,0.2190066870930415,1.2432199365413288,1.3048966023336908,-2.927170073479977,-3.133307638509934,2.7013413070580308,-11.22647243452461,30.376798787439395,-133.0519256892524,0.03819342906339736,0.02569403130552777,0.19716253222534114
0.5,0.0707372016677029,1.0806046117362795,1.438276615812609,-2.9924849598121632,-3.365883939231586,2.6327476856711183,-14.713475468211705,23.601104763652835,-131.63913140436662,0.15932103715780616,0.02059374417412688,0.11834584131399649
0.55,-0.07912088880673408,0.9071922428511546,1.5680616867919777,-2.9905950853617567,-3.5648294402457417,2.557573566178517,-18.595661294709384,15.75476543868255,-129.9938501106966,0.2757284157277811,0.01408499396797686,0.054146960192963896
0.6,-0.2272020946930869,0.7247155089533472,1.6939274201851062,-2.921542892634586,-3.728156343868905,2.476006844729035,-22.580203381726314,7.175070080658359,-128.08376886056453,0.37349930753317606,0.006191545697632899,0.011827856299699558
0.65,-0.3701808313512871,0.5349976572491747,1.8155592172081185,-2.7868791450116075,-3.854232741668772,2.388251395647168,-26.335028549179462,-1.5639054473184515,-125.8695540258671,0.44035358665605695,-0.002731465794795869,-0.009365896012539888
0.7000000000000001,-0.5048461045998576,0.33993428580048163,1.9326530617130735,-2.589628099946621,-3.941798919953841,2.2945265618534654,-29.646789901959146,-9.795934920412032,-123.30355555106394,0.4709592831564094,-0.012119712517275628,-0.019389205085495513
0.75,-0.6281736227227391,0.1414744033354058,2.0449162800700025,-2.3342195906637637,-3.989979946416218,2.1950666066214626,-32.500897597301005,-16.968834189637455,-120.3285041423541,0.4677529567373069,-0.02148054648105474,-0.03158770719646617
0.8,-0.7373937155412458,-0.05839904460257763,2.1520682726985685,-2.026389541653452,-3.9982944121660204,2.0901201280414963,-35.03135038373886,-22.759527282979317,-116.87650659901968,0.4374784236588108,-0.030595989575022964,-0.056027387723243345
0.85,-0.8300535352352221,-0.2576889885910493,2.253841215420878,-1.673051152174251,-3.9666592418098743,1.9799494376549465,-37.419997600873415,-27.048141679067104,-112.86896605022963,0.3873615326979796,-0.03952552594036405,-0.0973554031220744
0.9,-0.9040721420170612,-0.4544041893861742,2.3499807288824504,-1.2821396407014893,-3.8953905235127806,1.8648299048119932,-39.82350799563681,-29.821432261358787,-108.21858659241893,0.3231700339975441,-0.04848880740652971,-0.15614978750772654
0.9500000000000001,-0.9577872375530904,-0.6465791337270071,2.440246514368121,-0.8624340370276331,-3.785200350749658,1.7450492683916505,-42.33853870915065,-31.08264001976272,-102.83536952557905,0.24888232704116908,-0.057730072440047124,-0.23067890442463387
1.,-0.9899924966004454,-0.8322936730942848,2.5244129544236893,-0.4233600241796016,-3.637189707302727,1.6209069176044193,-44.983458601641544,-30.799233214614855,-96.63921321021606,0.16704442998379504,-0.06738142817571413,-0.3175373765003651
1.05,-0.999964658471342,-1.0096922091997151,2.602269676782051,0.02522174210144719,-3.452837466595495,1.4927131436751808,-47.680233833960976,-28.89733244381848,-89.58148227747647,0.07925201334585372,-0.07728318062961488,-0.41092177672819785
1.1,-0.9874797699088649,-1.1770022345106916,2.6736220801843062,0.47323708242974594,-3.2339856152783604,1.360788364276732,-50.23872283790068,-25.319549027388145,-81.6748545083391,-0.013433155718390806,-0.08672998840783219,-0.5008787801331036
1.1500000000000001,-0.9528182145943047,-1.3325520425596489,2.7382918207815634,0.910624538125288,-2.98282084870688,1.2254623226524715,-52.36905734109411,-20.17028573339772,-73.02310843876812,-0.11014627573780254,-0.0942471904577559,-0.5719389296672801
1.2000000000000002,-0.8967584163341468,-1.4747874310824916,2.7961172579016793,1.3275613298845585,-2.7018527222046025,1.0870732634300202,-53.76167661494028,-13.916021941869632,-63.8327034257688,-0.20992124792621739,-0.0977822792570719,-0.6056092253289695
1.2500000000000002,-0.8205593573395602,-1.602287231093868,2.846953858066759,1.7146839562270335,-2.3938885764158244,0.9459670871858054,-54.23640950714657,-7.456853519142807,-54.386899088889685,-0.3113854039061346,-0.0956802351162303,-0.5894038073348837
1.3000000000000003,-0.7259323042001397,-1.713777506737895,2.890674556251579,2.0632984775519234,-2.0620054872858553,0.8024964858737613,-53.8629051729655,-1.861205295029172,-44.98204183657672,-0.41241982060415056,-0.08780660694580944,-0.5261702538048267
1.35,-0.6150023765255738,-1.8081442840341224,2.927170073479977,2.3655757632785868,-1.7095195209353191,0.6570200612791245,-52.93199313088011,2.0821467028395753,-35.85433350193207,-0.509802580697397,-0.07547457521067877,-0.4322698674110088
1.4000000000000001,-0.4902608213406994,-1.8844446813373166,2.9563491899653807,2.6147273172407646,-1.3399526006236187,0.5099014287007224,-51.805212349141215,4.087302074674053,-27.133488330185607,-0.5989383450994451,-0.06032536464229239,-0.32664477298828143
1.4500000000000002,-0.3545090650481311,-1.9419163302991813,2.9781389731127654,2.8051577326753483,-0.9569973168559279,0.3615083081020992,-50.77953426531409,4.289144394175979,-18.837399894066,-0.6738992891789329,-0.04352826077447307,-0.22260339604763524
1.5000000000000002,-0.21079579943077884,-1.979984993200891,2.9924849598121632,2.932590352995292,-0.5644800322394671,0.21221160500310804,-50.03876757564583,3.0772707944976947,-10.895330535722545,-0.7280765134268413,-0.0257424698205676,-0.12595443013577948
1.5500000000000003,-0.06234851460699166,-1.998270300546559,2.999351292568071,2.994163316276638,-0.1663226497331602,0.06238448340927662,-49.670609182290136,0.985203712853073,-3.179453221765807,-0.7555804842019749,-0.007396253897911129,-0.036254783951849716
1.6,0.08749898343944727,-1.9965895515895062,2.9987208091245154,2.9884938265075216,0.23349657371032034,-0.08759856690386644,-49.704712069636344,-1.3729350807096812,4.467549581868196,-0.7530161787549229,0.011107153362168037,0.0510118144529301
1.6500000000000001,0.23538144295445118,-1.9749595398177298,2.9905950853617567,2.9157092082054623,0.6309827765729946,-0.23736266642020226,-50.13872595611911,-3.3584250650140075,12.2109655453773,-0.7207127617910999,0.02935157328946699,0.14164343178621017
1.7000000000000002,0.37797774271298107,-1.9335963851589217,2.9749944313574055,2.7774440469831965,1.0221644081073267,-0.3865334828865746,-50.93568628412929,-4.366903183815055,20.204796090847854,-0.6625979654183878,0.046937262732461786,0.23965077787679628
1.7500000000000002,0.5120854772418414,-1.8729133745815925,2.9519578406218105,2.5768034802797746,1.4031329107584811,-0.534738166948477,-51.99432372764237,-3.883917884046966,28.569379633145363,-0.5848050879472594,0.06341735085139158,0.34456129115719775
1.8000000000000003,0.6346928759426347,-1.7935168326682935,2.9215428926345854,2.3182934626679614,1.7700817731794114,-0.6816062840792619,-53.111786424727974,-1.5530355667662452,37.36274430804468,-0.4939069050495612,0.0780658468750417,0.44935028449878384
1.85,0.7430464409664105,-1.696200063420816,2.8838256089259,2.007719571828784,2.1193445636339736,-0.8267707404735388,-53.97442566444713,2.7019856389291954,46.549305227325526,-0.39563259473721235,0.08961867224799253,0.5394893346836497
1.9000000000000001,0.8347127848391598,-1.581935423828833,2.8389002630622433,1.6520566277929127,2.447431563770877,-0.9698687005905107,-54.22117033582312,8.510418873168318,55.980001519128045,-0.29433738519432184,0.0964224090261185,0.5957104537584649
1.9500000000000002,0.9076332790984135,-1.4518646084002798,2.7868791450116075,1.2592920535195766,2.7510646367358964,-1.1105424940538613,-53.58955265330343,15.010968653173538,65.40419569326711,-0.19303451902596355,0.09735831250555284,0.6032548548556423
2.,0.960170286650366,-1.3072872417272239,2.727892280477045,0.8382464945967776,3.027209981231713,-1.2484405096414273,-52.05471978053019,21.1318440164288,74.5223780368835,-0.09369241985328691,0.09287271736597517,0.562112678957789
2.0500000000000003,0.991143939568469,-1.149647893066537,2.6620871059001256,0.3983757265575502,3.2731084442576432,-1.3832180741301394,-49.82967172563422,26.03733974942014,83.06056296898541,0.00240717090685724,0.0847887673558244,0.486585649246003
2.1,0.9998586363834151,-0.9805216426813989,2.589628099946621,-0.0504417014530518,3.4863030896543528,-1.5145383137995727,-47.229834233106324,29.333763686897203,90.82892820451981,0.09433574675251923,0.07510680045791107,0.39512209463532494
2.1500000000000004,0.9861186637925123,-0.8015983441599492,2.5106963723954925,-0.4981263175948743,3.664663746997821,-1.6420729964408143,-44.53163024799321,30.957760231719426,97.74059724619038,0.18121661756415255,0.06516065784680206,0.3022773032672922
2.2,0.9502325919585293,-0.6146657399568387,2.4254892114587703,-0.9346240905401361,3.8064082955580645,-1.7655033517660375,-41.905964504250655,30.97709309249556,103.79546485957019,0.2619235346815403,0.05553753602151071,0.21716936007029655
2.25,0.8930063446890767,-0.4215915988615594,2.3342195906637637,-1.3501322213418527,3.910120470660388,-1.8845208681682175,-39.41330972579602,29.460676786742457,109.04936950023608,0.33473261753549516,0.04632755118271525,0.14509536038952892
2.3000000000000003,0.8157251001253568,-0.22430505387010796,2.2371156365301603,-1.7353192931646002,3.974764014533858,-1.9988280638394733,-37.02095075740624,26.43325065823187,113.58532281381694,0.3968911061718362,0.03736705721384842,0.0891642235033924
2.35,0.7201244284117936,-0.02477732692578112,2.134420058372533,-2.0815348347892932,3.9996930302564033,-2.1081392303206616,-34.62069615292915,21.88952523987327,117.4935350516407,0.44413540410205904,0.028407514543096826,0.05080131717133222
2.4000000000000004,0.6083513145322539,0.17499796687889455,2.026389541653452,-2.381003591547461,3.9846584353433623,-2.2121811466237373,-32.04839392064999,15.853570530863857,120.86012042117761,0.470397526864869,0.01924970694162594,0.0288857082905208
2.45,0.48291594165593704,0.3730247388451515,1.913294106403511,-2.627000140778648,3.92981045049733,-2.310693762141922,-29.12391980820922,8.473409008117292,123.76194012327873,0.4683394634601529,0.009878860378958054,0.017901037799310744
2.5000000000000004,0.34663531783502416,0.5673243709264543,1.7954164323118684,-2.8139999303242185,3.835697098652553,-2.403430846640802,-25.731258125982656,0.11216729428301651,126.26505925155122,0.4316371059778867,0.0005682559646030845,0.006940440018955229
2.5500000000000003,0.20257001207694433,0.7559554854259621,1.67305115217425,-2.9378033480586,3.7032587293109285,-2.4901606057056673,-21.917901239456153,-8.646760082064558,128.42504566369269,0.3589883249370365,-0.008158410591141349,-0.017316584187739598
2.6,0.05395542056264886,0.9370333426007542,1.5465041154643924,-2.995630036123815,3.5338186228806125,-2.570666260106842,-17.926439078940092,-17.13790259732561,130.28805754954894,0.25710523034658517,-0.015759458672185252,-0.06353730067316052
2.6500000000000004,-0.09587089337649869,1.108748672358323,1.4160916238696468,-2.986181331772859,3.3290697688956032,-2.6447465876348586,-14.093374306123884,-24.8205910077328,131.8921601595396,0.13897848439384106,-0.021941924320255272,-0.1308384877556854
2.7,-0.24354415373579286,1.2693857518852694,1.2821396407014893,-2.9096694325352574,3.0910579502239486,-2.7122164260511834,-10.692142363513701,-31.401225196626108,133.26860441604796,0.018220225805854088,-0.026740770894314658,-0.21116390201572915
2.7500000000000004,-0.38574793745222347,1.4173395485825213,1.1449829761569938,-2.767812630718019,2.822161302281565,-2.772907135897391,-7.85254066931168,-36.81590807233651,134.44295779772187,-0.09550252001653915,-0.030406564502876526,-0.2952892777352654
2.8000000000000003,-0.5192886541166856,1.5511317570205003,1.004964450467714,-2.563796724264842,2.5250665514892834,-2.826667022005975,-5.580290149044106,-41.14116989360569,135.43605663491246,-0.19735047405165548,-0.033254408996841775,-0.37660518953592315
2.85,-0.6411672671296018,1.6694255696783196,0.8624340370276331,-2.3022034706024614,2.2027421703905503,-2.873361712659271,-3.8145102489260685,-44.50973820521702,136.26478486266666,-0.28592126757199243,-0.03557169289206578,-0.4516400755584595
2.9000000000000004,-0.7486466455973999,1.7710390338826387,0.7177479876419459,-1.988907690246546,1.8584087176550264,-2.912874495448772,-2.4742585867761155,-47.05911951637431,136.94269824032133,-0.36158781102697,-0.037587598656924785,-0.519125008166515
2.95,-0.8393130343914846,1.8549568614880718,0.5712679420830811,-1.6309453309982607,1.495506659320944,-2.9451066089953626,-1.483318096718497,-48.908184629524136,137.4805164001944,-0.425377867198646,-0.03947543204445031,-0.5789845678131752
3.0000000000000004,-0.9111302618846777,1.9203405733007326,0.4233600241796003,-1.2363554557252647,1.1176619927957,-2.9699774898013365,-0.7796242899030253,-50.149807734738076,137.88650369944963,-0.47839101956249336,-0.041365623579411405,-0.6316710489381501
3.0500000000000003,-0.9624854679762374,1.9665368768851694,0.2743939266973102,-0.8139997023408982,0.7286500170883801,-2.9874249736171836,-0.3170294119697267,-50.850725331546165,138.1667566218146,-0.5215442617930867,-0.04335917339112666,-0.6778094674791922
3.1,-0.9922253254526034,1.993084194046435,0.12474198729987147,-0.3733632705211851,0.3323576112699856,-2.9974054508198384,-0.06415517445773708,-51.05384518952659,138.3254117627999,-0.5554776700801898,-0.04553829181440332,-0.7180341976796611
3.1500000000000004,-0.9996819412301848,1.9997172727668302,-0.02522174210144719,0.0756580954309815,-0.0672556019374024,-2.999893975414026,0.002597198727664148,50.78087131881027,-41.63521519977943,-0.5805238821570051,0.0479737653911218,0.7529260157379342
3.2,-0.9846878557941267,1.9863698375163852,-0.17512243028274027,0.5229803436689442,-0.46619681940197455,-2.994884327384259,0.12535545346574103,50.03449388134264,-41.71455251970556,-0.5966944006862177,0.050729254467619264,0.7829969066579369
3.2500000000000004,-0.9475798039779927,1.9531752514560465,-0.32458540359032645,0.958557580866826,-0.8604799523512656,-2.9823890282416383,0.43569051162358696,48.80008601528261,-41.913753466978896,-0.6036630610543486,0.05386254313020108,0.8086959648077329
3.3000000000000003,-0.8891911526253609,1.9004651839170585,-0.47323708242974594,1.372607681325964,-1.2461654540535148,-2.9624393097265944,0.9462528594630392,47.047268468640866,-42.23573452001706,-0.6007429787465164,0.057423231314358204,0.8304240511516501
3.35,-0.8108331849671467,1.8287662964706388,-0.6207059150201992,1.755831972429109,-1.6193996824663932,-2.9350850357458023,1.6780530480437594,44.73210159684005,-42.68527260954717,-0.5868671930853608,0.0614456932186058,0.8485519753827278
3.4000000000000004,-0.714265652027199,1.7387949806996497,-0.766623306080495,2.099624062780631,-1.9764534045544357,-2.900394577738383,2.6584962089053565,41.80118528262468,-43.269166351989675,-0.5606024730361928,0.06593556983771817,0.8634398789852987
3.45,-0.6016572524081005,1.6314502002507136,-0.910624538125288,2.3962631232030045,-2.3137590575528004,-2.858454643782914,3.917276509681515,38.19959801294901,-43.99646940530815,-0.5202552778213376,0.07084824928843683,0.8754554945451901
3.5000000000000004,-0.47553692799599095,1.507804508686608,-1.0523496830688608,2.639087279915013,-2.627946394875159,-2.8093700618723885,5.47864985177538,33.88509025482878,-44.87880754514616,-0.4641642557444936,0.07606012962061275,0.8849862121827694
3.5500000000000003,-0.33873706937788134,1.3690933328856119,-1.1914445018578805,2.8226432258547236,-2.915876160503506,-2.7532635178988274,7.349217310672428,28.850348320253907,-45.93079475191165,-0.39128310635348107,0.0813400622507524,0.8924348759497471
3.6,-0.1943299064553348,1.216702629064509,-1.3275613298845574,2.9428086901994748,-3.1746714553966124,-2.690275249002441,9.503097966229557,23.151816658436505,-47.17056724069851,-0.3020630999299469,0.08633982433795441,0.8981858353672846
3.6500000000000004,-0.045558512784221926,1.052155034762209,-1.4603599459670993,2.9968850156814506,-3.4017464825142594,-2.620562693051813,11.871603998394992,16.93638708353238,-48.620457182410384,-0.19936464717421798,0.09063181387457085,0.9025361038381357
3.7,0.10423602686569865,0.8770946551487807,-1.5895084227254803,2.983657764611967,-3.5948323832465077,-2.544300095131224,14.34847136755289,10.449340882554257,-50.30782809194241,-0.08876937314874368,0.09381069525298413,0.9056154139836593
3.7500000000000004,0.25168965007175614,0.69327063567005,-1.7146839562270326,2.9034239925337832,-3.7519999070989565,-2.4616780720186813,16.816221265507142,4.008136065225385,-52.266087799549766,0.022308876042556956,0.09562994539754624,0.9073507485877967
3.8000000000000003,0.3934908663478909,0.5025196851645097,-1.8355736728281578,2.7579855769940274,-3.871678688125946,-2.3729031357432495,19.18288455756666,-2.0551611161647148,-54.53587521702642,0.1265415326915363,0.09609503271452743,0.9075153139380366
3.85,0.526455126081828,0.3067477240757287,-1.951875411195502,2.550608751259099,-3.9526729355080015,-2.278197177412524,21.40699873870162,-7.456201732165715,-57.166369755822245,0.21855290918780998,0.09544808976353561,0.9058265837935461
3.9000000000000004,0.6475963386538773,0.10791084112529772,-2.063298477551922,2.2859507517570963,-3.99417338149842,-2.1777969126004195,23.497842476794197,-11.99461435257291,-60.21657192029063,0.29572178056836584,0.09405848595819155,0.9020029105102271
3.95,0.7541939335946289,-0.0920042512790739,-2.1695643722595364,1.9699552265880418,-3.995765367359088,-2.0719532896815225,25.496700922124173,-15.553820717536762,-63.75620785222797,0.3578359583128685,0.09229308787877134,0.8957178284739383
4.,0.8438539587324921,-0.2910000676172271,-2.2704074859237844,1.609718754001305,-3.957432986493527,-1.960930862590836,27.452791726398015,-18.076552160192524,-67.86555776341169,0.4062095299918236,0.09042450721624655,0.8864545249493105
4.05,0.9145628431984169,-0.4870883074715822,-2.365575763278585,1.213331468547425,-3.879559243380345,-1.8450071295767234,29.402079551985185,-19.535080317924965,-72.63293593286569,0.44284483768340704,0.08858573691401227,0.8732898724415603
4.1,0.9647326178866094,-0.678309721967669,-2.4548313331932308,0.789695374097408,-3.7629222267190925,-1.7244718395998075,31.349639842741666,-19.91037018819805,-78.14777950922893,0.4698776401497508,0.08675009265126371,0.8546391756660437
4.1499999999999995,0.9932365778171883,-0.8627536899412385,-2.537951103226338,0.34832442402737535,-3.6086873350251762,-1.5996262681114652,33.25372892936242,-19.189100235050887,-84.48667027641905,0.4892933917816796,0.08471748809408948,0.8280307011182969
4.2,0.9994345855010047,-1.0385773082333711,-2.6147273172407646,-0.10086914166341542,-3.418395632353122,-1.4707824640220983,35.01324879192622,-17.38595459225404,-91.69017873196388,0.5028204697654632,0.08211083847183812,0.790107337948266
4.25,0.9831874470475918,-1.2040238053696473,-2.6849680746857505,-0.547797403893402,-3.193948450493961,-1.3382624697413785,36.46846706250429,-14.595222105924831,-99.73216840507885,0.5119146036833356,0.0784201901856232,0.7372486296536885
4.3,0.9448600381598613,-1.357440094640025,-2.748497810248365,-0.9824233174130741,-2.9375883914964533,-1.2023975162399263,37.43189417177472,-11.057850070691421,-108.49157993211197,0.5177796038842998,0.07315196915370442,0.6671899398569942
4.35,0.8853131098124399,-1.4972932911947974,-2.8051577326753474,-1.394986121202659,-2.6518769203287333,-1.0635271951443959,37.757205195873674,-7.194140110091365,-117.74604321356888,0.5213952911561867,0.06608157771580372,0.581217954684545
4.3999999999999995,0.8058839576404507,-1.6221860281233098,-2.8548062216685475,-1.776220544121669,-2.3396687715670526,-0.9219986099352606,37.418652939064074,-3.5384200569733157,-127.20489836571718,0.5235398860920812,0.05744937646291007,0.485126992453188
4.45,0.7083563891625834,-1.7308704184822246,-2.8973191818619166,-2.1175648829239972,-2.0040834258315385,-0.7781655083688783,36.54282695033838,-0.5808662991458882,-136.5771278423022,0.5248038570440242,0.04788455725329932,0.38729802742591807
4.5,0.594920663309892,-1.8222605237693539,-2.932590352995291,-2.411353279654863,-1.6484739409670264,-0.6323873982923391,35.36368413826456,1.3789632769877778,-145.64230895155725,0.5255986063400769,0.0380872389783093,0.2950816653915661
4.55,0.46812430193211135,-1.8954432042622238,-2.9605315755097097,-2.6509878802939033,-1.2763934493974085,-0.4850286490610595,34.138623096201215,2.2750802306815077,-154.29018873447592,0.5261679099883201,0.028544558273202354,0.21239578036997991
4.6,0.3308148779490486,-1.9496872428083272,-2.9810730109003933,-2.8310870083323127,-0.8915596564009906,-0.33645758080516464,33.083486257482214,2.2281711724426287,-162.51985801419167,0.5266118858852804,0.019451097253448246,0.13962912569133354
4.6499999999999995,0.1860760650018108,-1.9844506509052064,-2.994163316276638,-2.9476060256250287,-0.4978176940282539,-0.18704554382097763,32.34805744721506,1.4748784449756405,-170.4138438611059,0.5269298501804627,0.010776801787122594,0.0747801133570755
4.7,0.03715838479082463,-1.999386084070413,-2.9997697726923027,-2.9979281662437534,-0.09910170181343106,-0.03716599038867168,32.0190660637824,0.31340396175355795,-178.10667832905293,0.5270781531790019,0.0023660078045679234,0.014612620235459358
4.75,-0.11259379263383548,-1.994344312392757,-2.997878366926134,-2.9809233033982876,0.3006044818472372,0.11280645866392966,32.13096362032013,-0.9303655262152755,174.24160333470047,0.527025782345031,-0.0059900463531282295,-0.044605188880886645
4.8,-0.2598173562137541,-1.969375711588254,-2.988493826507522,-2.896973329647834,0.6973071248919186,0.2624969503183392,32.67232333465698,-1.9255459801134995,166.46624452838998,0.5267842015780829,-0.014509031142381298,-0.10668644664590762
4.85,-0.4012059821060989,-1.9247297596626205,-2.9716396079001397,-2.74796358041742,1.0870425056437698,0.4115313363027219,33.58357461378567,-2.3569222601220385,158.41718398781921,0.5263968102146998,-0.02337992958403995,-0.17517980421507234
4.9,-0.5335843865891192,-1.8608525442095065,-2.9473578378729974,-2.5372404934288,1.4659165170077135,0.5595371082677273,34.747436441268476,-1.9519933103652238,149.9823886285198,0.5258933200615029,-0.03270669387340295,-0.25281881338408985
4.95,-0.65397963608903,-1.7783823052507217,-2.9157092082054623,-2.269536454923723,1.8301435751012853,0.7061443288633535,35.97995740859394,-0.5243645452698504,141.1174579546735,0.5252301726985258,-0.04241974818576945,-0.34056227362271635
5.,-0.7596879128588213,-1.6781430581529049,-2.8767728239894153,-1.9508635204713505,2.176084443557479,0.8509865563896788,37.03876776028446,1.9612928299538925,131.87628225438277,0.5242389176414887,-0.05218087795291622,-0.43634206715144574
5.05,-0.8483352368957681,-1.5611363603383674,-2.83064600590772,-1.5883783971613972,2.5002825955715284,0.9937017607102611,37.667911823407806,5.322845849758007,122.42696024926413,0.5225931968079439,-0.06137367009010608,-0.5343609223278708
5.1,-0.9179307804142925,-1.4285313040544003,-2.7774440469831974,-1.190221719391841,2.7994987503741693,1.1339332281389407,37.678040032918,9.151743122748519,113.03302810018494,0.5197922698769776,-0.06928972422954272,-0.6263118282504507
5.15,-0.9669115775460575,-1.2816528351899865,-2.717299924406113,-0.765335227770518,3.07074323905433,1.2713304530382845,37.01846222572733,12.913408820377219,103.99495737860572,0.5151521629778999,-0.07546470011287626,-0.7047064305030052
5.2,-0.9941776251838154,-1.1219685148544576,-2.6503639671604593,-0.3232609568983269,3.311305876342615,1.4055500139011312,35.784099845500066,16.115568364913667,95.57574103694348,0.5077951281850681,-0.07990033572718876,-0.7659782675346782
5.25,-0.999116586679734,-0.951073855991985,-2.576803480279776,0.12607305815652237,3.51878303988668,1.5362564317255223,34.152494401934774,18.427535585642243,87.94805034827428,0.49663155997489317,-0.08298686830195375,-0.8108847592207283
5.3,-0.9816175436063848,-0.7706763815436593,-2.4968023266717037,0.5725757441225628,3.6911016864512267,1.6631230085374824,32.30347683859993,19.690201917776214,81.18237028974298,0.48033393437243543,-0.08524999283552384,-0.8426392208678329
5.35,-0.9420734867454964,-0.582578563442691,-2.4105604675564676,1.006219613275674,3.8265400650807515,1.7858326439658183,30.368753983411988,19.857536460398016,75.26714495926505,0.4573100894567144,-0.08714197244289706,-0.86486443735287
5.4,-0.881372490362233,-0.3886598129106696,-2.3182934626679614,1.4172659591954078,3.923744920265966,1.904078627827904,28.41839741201471,18.93360363788573,70.14016026450072,0.42569578044611694,-0.08895147687414015,-0.8804984602529043
5.45,-0.8008777679717847,-0.1908577020019013,-2.220231931466683,1.7964835671157113,3.9817450132255097,2.0175654067453976,26.468635325152963,16.935640083021156,65.7160575681543,0.3834074182697451,-0.09079008866911717,-0.8915446761092256
5.5,-0.7023970575027135,0.00885139597610157,-2.1166209767111757,2.135356027107369,3.999960826202814,2.12600932287378,24.496741994287568,13.885396709598716,61.90472788520987,0.32832575612397735,-0.09260336794579338,-0.8992214206647825
5.55,-0.5881420234003403,0.20847205373139374,-2.007719571828786,2.4262729942846457,3.9782103528159567,2.22913932289923,22.457685426638136,9.822085644193672,58.62137856066167,0.2587065566885969,-0.0941865417263107,-0.9042165818843528
5.6,-0.4606785874113657,0.4060097276375008,-1.8937999136169648,2.662701100744509,3.9167109166052696,2.3266976355307487,20.303332310195255,4.8290885400158805,55.790923672153745,0.1738880850343971,-0.09521428917667066,-0.9069276772740817
5.65,-0.32286930351323184,0.5994906865540298,-1.7751467418930282,2.8393306809246304,3.816076999608356,2.418440415794147,18.005572381687912,-0.9367358434001987,53.34911544833649,0.07520400012912082,-0.09530772914620832,-0.9076460159404484
5.7,-0.17780907112311564,0.7869817326957818,-1.6520566277929127,2.9521950152449303,3.677314102658703,2.5041383545174796,15.57925790112759,-7.2304711130223565,51.24205549955975,-0.0333161374235809,-0.09414883290459636,-0.9066549992191781
5.75,-0.028755630329187164,0.9666095175060118,-1.5248372324977748,2.9987594140776515,3.501808698753714,2.5835772514845625,13.092982072331711,-13.736967134785244,49.42503970128511,-0.14512975244937718,-0.09160873714805871,-0.9042208890452713
5.8,0.12094359992847414,1.1365792595359472,-1.393806538241272,2.9779781414118993,3.2913143798748354,2.6565585508239566,10.655958488638605,-20.123214370274475,47.861234802038815,-0.2525973106900161,-0.08781589521660198,-0.9005039326602124
5.85,0.26792669767067284,1.2951926773077518,-1.259292053519579,2.8903178998299808,3.0479343356761333,2.7228998372952393,8.384416455730175,-26.10255436806086,46.52041987239114,-0.34903642128352314,-0.08311250810047084,-0.8954754654918565
5.9,0.4088927393988831,1.4408649579816775,-1.121629994490708,2.737747349373549,2.7741003391084895,2.782435292232108,6.367663605987152,-31.47843322815274,45.37788465893482,-0.43021045626098475,-0.0779290594460853,-0.8889126692041571
5.95,0.5406759317206302,1.5721405922820786,-0.9811644446092219,2.5236928956832796,2.472548448948133,2.8350161080026828,4.652211771265306,-36.15220307634019,44.413507396352124,-0.4945683829846263,-0.07265894492088322,-0.8804641580012128
6.,0.6603167082440802,1.6877079174649843,-0.8382464945967776,2.2529617403150284,2.1462916720017398,2.880510859951098,3.2457470539960736,-40.103361448300554,43.611003549764874,-0.5425372217968607,-0.06758981892515649,-0.8697297206056216
6.05,0.7651281950587266,1.786412223018645,-0.6932333648981768,1.931633921356626,1.7985898581384059,2.9188058348906925,2.1309770478770096,-43.36013754808269,42.957325383401376,-0.5755670257412286,-0.06289362657554026,-0.8563122381512348
6.1,0.8527565521308713,1.8672672881492747,-0.5464875128162876,1.5669257688802036,1.4329171289473148,2.9498053153277537,1.2796588443593733,-45.973428451921386,42.4421900010911,-0.5953878994391065,-0.058648906037824196,-0.8398350323624338
6.15,0.9212338354762054,1.9294652357732196,-0.3983757265575502,1.1670278417262365,1.0529271654632038,2.973431818705407,0.6625487409582379,-47.998711977326685,42.057715349378135,-0.6035843186262084,-0.054870861431056246,-0.8199362662119561
6.2,0.9690221929390499,1.9723846045577274,-0.2492682084524892,0.7409209852098626,0.6624167017932376,2.9896262910696523,0.25512160254779676,-49.48531454832042,41.79814704934858,-0.6014103731855724,-0.05153669328859041,-0.7962528422574415
6.25,0.9950484010363788,1.9955965583571613,-0.09953764964267045,0.29817464069654454,0.26528758940480274,2.9983482546734983,0.04041999228259867,-50.47069101125677,41.659662648144085,-0.5897399005478073,-0.04860282934034315,-0.7684011805398372
6.3,0.9987279672435017,1.9988691710020094,0.05044170145304914,-0.15126806342043367,-0.13449218888454678,2.9995759091502454,-0.010424966335025257,50.977486037674666,-138.35975652509967,-0.5690746575322474,0.04601485054577834,0.7359582137303121
6.35,0.9799782564360805,1.9821697436285064,0.20029497456466638,-0.5973136129475842,-0.5329281656797689,2.993306186003052,-0.16693264580368386,51.01178215831221,-138.26039238903508,-0.5395678081917656,0.04371191050216702,0.6984445861694736
6.4,0.9392203466968696,1.9456651313948707,0.3496476145514809,-1.0299447864596962,-0.9260393004061558,2.979554756274578,-0.5225264996088828,50.561536721531276,-138.04079943465766,-0.5010440387959719,0.041627136831265364,0.6553134391516178
6.45,0.8773695728097755,1.8897200763197213,0.49812631759487164,-1.4394456204971167,-1.3098977565507721,2.9583559913775375,-1.1019348992427709,49.5946580112074,-137.69775681947212,-0.4530133329611617,0.03968485142750169,0.6059529285382017
6.5,0.7958149698139441,1.8148935629003924,0.6453599642634466,-1.8166196091588032,-1.6806681473065637,2.9297628771840705,-1.9437705146261293,48.056555540006066,-137.22616079326045,-0.3946893631277885,0.03779483709430455,0.5497208752836167
6.55,0.6963880782713696,1.721933232924613,0.7909805471183351,-2.152996237798287,-2.034645857489495,2.8938468815886544,-3.1021728900603716,45.86751633111062,-136.61885199715545,-0.32504385411254755,0.03584349725341183,0.48604960272538067
6.6,0.5813218118144385,1.6117679152809015,0.9346240905401335,-2.44102121252131,-2.368294058828892,2.850697775875589,-4.646897995516044,42.921235959419306,-135.8663689400181,-0.24296545761616842,0.03368191914083797,0.41469193865257764
6.65,0.4532003107196154,1.485498345407339,1.0759315604784012,-2.674226113340605,-2.6782790487864094,2.8004234103375354,-6.658480801509529,39.08777757067269,-134.95661544561494,-0.1476542031444999,0.031112374078757273,0.33621868097649776
6.7,0.3149009076879342,1.3443861671069361,1.214549761849795,-2.847373660943684,-2.9615035598097945,2.743149444705958,-9.212143193756834,34.22764607970895,-133.87442615106255,-0.03945263147448973,0.02787935521605652,0.25286937143286664
6.75,0.16952950915565845,1.189841326619784,1.3501322213418527,-2.956575334695359,-3.215137706206484,2.67901903406723,-12.342299245026645,28.227866493394913,-132.60101056136398,0.07872796800967981,0.023680790711992375,0.16962717043175563
6.8,0.02035084333168298,1.023407984906298,1.4823400534158244,-2.9993787004280077,-3.436647259425983,2.6081924710494757,-15.987086778963942,21.07065069756749,-131.11325362261104,0.19970063638388783,0.018226564716624215,0.0946588180387752
6.85,-0.12928485855970706,0.8467490889013309,1.6108428073440328,-2.9748224868258557,-3.6238189692338474,2.5308467851744787,-19.941444427891756,12.92686428264159,-129.3828512748018,0.3114648962238833,0.011363852040803164,0.03729997965452318
6.9,-0.2760171012494705,0.6616297558980939,1.7353192931646002,-2.8834581735063467,-3.774782677776419,2.4471753003760703,-23.88300135420396,4.22071049546754,-127.37526714932353,0.3999611957424603,0.003223961308947891,0.0026805137700682633
6.95,-0.4165505949027273,0.46989963707964616,1.8554583844890717,-2.7273376059768717,-3.8880300055799037,2.357387151790983,-27.503019603097634,-4.420429837402324,-125.04851971004817,0.4548053404102806,-0.005750710756189707,-0.013311911823361939
7.,-0.5477292602242684,0.2734744364156672,1.9709597961563672,-2.5099669156081683,-3.9624294227794814,2.2617067630299137,-30.653112992041265,-12.347407207496378,-122.35186323503204,0.4734648055558687,-0.01499799485181209,-0.022637508836029302
7.05,-0.6666071071953947,0.07431676958165281,2.081534834789291,-2.2362277794825123,-3.9972375549916705,2.1603732852353823,-33.379040513040174,-19.079794647881275,-119.22453890135311,0.46031192131772425,-0.02411250059507703,-0.03810266146760041
7.1,-0.7705143956585665,-0.12558344584816353,2.1869071203776276,-1.9122677884507246,-3.992106610865447,2.0536399993284196,-35.84169192697868,-24.371254236669717,-115.5949896372088,0.42260217600287586,-0.03298007133600827,-0.06794830482518066
7.15,-0.8571175919257272,-0.32422887299943653,2.2868132770842338,-1.5453623854950598,-3.9470878570984533,1.9417736829381709,-38.220379212379726,-28.149383370328746,-111.38131845546368,0.367189339382226,-0.0417269907984546,-0.11522879875722343
7.2,-0.9244717749141217,-0.5196347124275117,2.381003591547459,-1.1437514749648203,-3.8626311061971097,1.8250539435967637,-40.65415987513972,-30.414923046991703,-106.49438167210064,0.2992262274549989,-0.050591375757492056,-0.17959076825339507
7.25,-0.9710643148808378,-0.70984853357741,2.4692426370345166,-0.7164543720887482,-3.739580222098732,1.7037725198660845,-43.21520789411499,-31.16276167201781,-100.8456931139444,0.22215698332347378,-0.05979189640434435,-0.2587379968608583
7.3,-0.9958488438257794,-0.8929697828245312,2.5513098618856933,-0.2730672485995436,-3.5791646885620167,1.5782325521433158,-45.891634160158354,-30.344446902046517,-94.36284765942392,0.13815641911551738,-0.06938517132755528,-0.34860283305325895
7.35,-0.9982687546611174,-1.0671687731782353,2.6270001407786467,0.17645237659514812,-3.382987324571737,1.4487478249678134,-48.56882577042208,-27.881234241717546,-87.01422965847324,0.048598961053552714,-0.0790651310087364,-0.4422093615343655
7.4,-0.9782697014065067,-1.2307049659094416,2.6961242874348805,0.6220092618202867,-3.153008269501265,1.3156419827231711,-51.01914401764313,-23.749367175704872,-78.84027963123148,-0.04555435093136275,-0.08790061994341485,-0.5278014378490754
7.45,-0.9363008196826471,-1.3819443614382516,2.758509527486912,1.0535971599973246,-2.891525398047904,1.1792477206948222,-52.93294594630401,-18.15361822101328,-69.97956627427521,-0.1434372698387671,-0.09419712962511674,-0.588295278604928
7.5,-0.8733046400935156,-1.5193758257176426,2.8139999303242167,1.4615235373815285,-2.6011513606284673,1.0399059535050774,-54.025963029251336,-11.712651954600052,-60.66942940084972,-0.2439822732047404,-0.09593042779074215,-0.6059465602101665
7.55,-0.790695921020979,-1.6416261889853365,2.8624567988385445,1.8366272469739393,-2.2847874786399545,0.8979649630041213,-54.194381479955155,-5.429933725791068,-51.20592611121566,-0.34560517568639243,-0.09189130640853962,-0.5727609371874026
7.6,-0.690329876201575,-1.7474739660221603,2.903759016094459,2.1704842681327277,-1.9455947554151987,0.7537795277467672,-53.59390728770135,-0.3259410416625233,-41.87264962678119,-0.4458544121262418,-0.08250926378409235,-0.4970162017766765
7.65,-0.5744605106255876,-1.8358615608285864,2.9378033480586,2.455596891915712,-1.5869622925224482,0.607710036230833,-52.55797220986206,2.9730513378555234,-32.87310515601219,-0.5410660814604933,-0.06931324847214207,-0.3972391455440063
7.7,-0.44569000044433316,-1.9059058337743606,2.964504701631001,2.6855621034590453,-1.212473426982809,0.46012158611359305,-51.43750252963416,4.340952203497357,-24.29815055639242,-0.6261669754958007,-0.05380424563181875,-0.2910416254860249
7.75,-0.3069102537037296,-1.9569069256377685,2.983796337333528,2.8552153798870608,-0.8258699277511864,0.3113830716577589,-50.492636347574255,4.0151080013756175,-16.132492054584016,-0.6948884739405663,-0.03693897378078434,-0.18918717300390273
7.8,-0.16123796432418885,-1.9883552503676303,2.995630036123815,2.960746674361946,-0.43101460919777623,0.16186626168794926,-49.8710539824749,2.4425721475381477,-8.282725392092873,-0.7406732642926163,-0.019256247830730676,-0.09517814188723633
7.85,-0.011944617874353155,-1.9999365866986798,2.999976219917756,2.999785981521769,-0.031852735143749374,0.011944870362239218,-49.63675279301937,0.19005459976521277,-0.608362968401988,-0.758276648202656,-0.0011541947763303076,-0.006927615855216212
7.9,0.13761697894187933,-1.991535217746577,2.996824025519316,2.9714565626914675,0.36762740091072654,-0.13800637691861084,-49.80696509593995,-2.1135387602677973,7.05277181273019,-0.7454754051946831,0.016964853885931934,0.08085007037297154
7.95,0.2840879950956734,-1.9632350872127688,2.9861813317728596,2.8763946355433716,0.7634343254967575,-0.2876126801294935,-50.369552845939324,-3.834565352580144,14.864368669006977,-0.7038986489970356,0.03469616489987893,0.17368775033330003
8.,0.424179007336997,-1.9153189606467693,2.9680747398701453,2.716735086019871,1.1516132666602612,-0.4365001014258406,-51.27018009123128,-4.392774647960113,22.971895893577578,-0.6384128557563614,0.05164704741837916,0.2743582669730333
8.05,0.5547438735492155,-1.8482656001462592,2.9425495068611984,2.4960635233976936,1.5282856687360364,-0.5842964997934841,-52.37706984339139,-3.317448227659549,31.478233641559136,-0.5554862194503063,0.0673191419422338,0.38038419129303297
8.1,0.6728503883183441,-1.7627449807244693,2.909669432535259,2.2193357552336876,1.8896879455938647,-0.7306324612073734,-53.4484198704298,-0.3291384514947795,40.413250235849105,-0.46151435627780946,0.08084217562377904,0.48221894787992964
8.15,0.7758461339452197,-1.659611596141298,2.869516699954527,1.8927664906111124,2.2322090851471175,-0.8751422219742795,-54.14290749310961,4.51578239156756,49.70424755161955,-0.3617902799868425,0.09079489300023824,0.5631285784156379
8.2,0.861418048028701,-1.5398959210841434,2.8221916700393193,1.5236897711718755,2.5524267293917897,-1.0174645829515034,-54.11371904969473,10.67268629962127,59.1646021871741,-0.2601962366258454,0.09559701884165574,0.6040446014581939
8.25,0.9276443698605846,-1.404794115005427,2.7678126307180206,1.1203942643523441,2.847141369476492,-1.1572438123566653,-53.167571318244704,17.161850765978375,68.51959319937725,-0.159355434407154,0.09459267676745486,0.5943567606033139
8.3,0.9730377990280002,-1.255656070492772,2.7065155012688797,0.6919371177821767,3.1134083141371938,-1.2941305349118626,-51.36829906086427,22.945766956525343,77.46998920372742,-0.06096612715851012,0.08876981245937575,0.5396117881436103
8.35,0.9965788969742738,-1.0939719255884712,2.6384534925925944,0.24794055527455883,3.348567112078987,-1.427782605099929,-48.9816432787593,27.333412773195352,85.76533164758007,0.03384379005836671,0.08011440014487682,0.45676293474315266
8.4,0.9977389813911302,-0.9213571748227251,2.563796724264842,-0.20162421757643542,3.5502681343260183,-1.5578659623500566,-46.32252126870811,30.064219823994048,93.25040832682522,0.12419582651986086,0.07041994670992249,0.3634982060683936
8.45,0.97649199928356,-0.7395365277263463,2.4827317993259523,-0.6466609451766536,3.7164960509374736,-1.6840554660152145,-43.6353896975287,31.139192813333928,99.87050267199626,0.20916415041578232,0.06073152063284974,0.2724696990929632
8.5,0.933315112063922,-0.5503266761031939,2.3954613378704708,-1.0771750620665048,3.8455899675182272,-1.806035708054471,-41.05274149226733,30.636304500902014,105.64790904723671,0.28746381707734353,0.05143068675647289,0.19128755196831224
8.55,0.8691779795353239,-0.3556181422462313,2.3022034706024614,-1.4834981493139883,3.9362600203265736,-1.9235018013888054,-38.60155425785247,28.61123512853094,110.65042883045454,0.3570770771012248,0.042499449978698624,0.12437640964872085
8.6,0.7855209834229089,-0.1573563894636803,2.20319129362234,-1.8565050663601095,3.9876002641663844,-2.0361601419600373,-36.22189070944485,25.07465125069624,114.96525074750569,0.41479491360872195,0.03373348122997682,0.07428995258567067
8.65,0.6842228795055688,0.042477616347292024,2.098672285808004,-2.1878188820032545,3.9990977242920445,-2.143729142588076,-33.7840524600813,20.0224385832603,118.68210455261001,0.4557554904309446,0.024890682403060554,0.04175971762737456
8.7,0.5675586048115467,0.2418871998569483,1.98890769024655,-2.469999002214238,3.9706375218825327,-2.245939936792196,-31.112306924374156,13.50869528146201,121.88434286786584,0.4733341328878429,0.01582156029137113,0.024408105589013004
8.75,0.43814818743720435,0.4388799264229186,1.8741718612625773,-2.6967082698374014,3.9025040218726303,-2.3425370508172474,-28.037083586872146,5.745897210922589,124.64524804918914,0.46017053931066293,0.006599583334474057,0.0148828380325687
8.8,0.2988979063644682,0.6314875098384867,1.7547515786752852,-2.862855283478094,3.795377991672496,-2.433279042184968,-24.487360473078333,-2.8224360746054757,127.02726647246284,0.41114523458750724,-0.0024101440558829566,0.0008681665497276482
8.85,0.15293502270044543,0.8177854787977596,1.6309453309982649,-2.9647087394016514,3.650329799164738,-2.5179391031744514,-20.57909209382304,-11.563433949010754,129.08266080027337,0.327496725116128,-0.01065527127057036,-0.030246881746142047
8.9,0.003537548134906392,0.9959124055768309,1.503062569373654,-2.999981228571062,3.4688087179423253,-2.596305627723337,-16.603538095880957,-19.831831031503413,130.85471900577002,0.2185204109743585,-0.017662991829299136,-0.08412760368162524
8.95,-0.1459393721352308,1.1640885048042449,1.3714229341054673,-2.9678806069225514,3.252628446645954,-2.668182740332744,-12.89180779546831,-27.16378018518477,132.37907811506986,0.09810325338573156,-0.02325704827252661,-0.15688546954027388
9.,-0.2921388087338362,1.3206334164881603,1.2363554557252698,-2.869127785213509,3.0039489870867047,-2.7333907856540307,-9.672208263376783,-33.350430665298234,133.68496025258537,-0.02113661660546845,-0.027560256876917422,-0.23942920404950718
9.05,-0.431777437502182,1.4639829956178934,1.098197732587233,-2.7059405389210687,2.7252550622219998,-2.7917667775335855,-7.0272762708255545,-38.38596708280808,134.7962444948334,-0.1312187052535139,-0.030854334840291518,-0.3231795933189512
9.1,-0.5617192758811469,1.5927049405838463,0.9572950870480563,-2.4819837017861417,2.4193312896251364,-2.843164806393336,-4.933881333811325,-42.37370826280362,135.73235923407069,-0.2286584862468961,-0.033445955511294326,-0.4026375696025675
9.15,-0.6790461103187361,1.7055131042617464,0.8139997023408982,-2.2022868615484574,2.089234358506926,-2.887456403928712,-3.3203281198668186,-45.45208890458015,136.50900652893426,-0.31281453560462885,-0.03559910686014057,-0.4751978193000315
9.2,-0.7811230330551121,1.801280344769537,0.6686697423007429,-1.8731314062491826,1.738262488287587,-2.9245308642124908,-2.105443343891558,-47.75393050738051,137.13873938816872,-0.3843745467726921,-0.03751918642860455,-0.5400903176399972
9.25,-0.8656576164704166,1.879049787496512,0.5216684561413006,-1.5019094577972452,1.3699224738784501,-2.954295520401971,-1.2172315237700577,-49.389685506355335,137.6314142239199,-0.44443504621907015,-0.039360578375461565,-0.5974735528931728
9.3,-0.9307513960668851,1.9380443858780998,0.3733632705211851,-1.096957860847854,0.9878946469464835,-2.9766759763578103,-0.5989977567474457,-50.4432656145647,137.99453847868168,-0.4940521357792598,-0.041240226992404,-0.6478856389833516
9.35,-0.9749425058886416,1.9776746853882918,0.22412487116860433,-0.6673709552446706,0.5959961032567952,-2.9916162925956358,-0.20975067522583252,-50.97309387735836,138.23352993864344,-0.5340558061551405,-0.04325006309312228,-0.6919665078997744
9.4,-0.9972385088794741,1.9975447131744204,0.0743262763600733,-0.2227963367530733,0.19814256351346968,-2.9990791261056193,-0.022673627266444757,-51.01466914278332,138.35190052229476,-0.5649847878241572,-0.04546635776095125,-0.7303363833988546
9.45,-0.9971386848795355,1.9974559344870033,-0.07565809543097617,0.2267818071415635,-0.2016907512272449,-2.9990458236905546,0.02335141855492737,50.58308468027658,-41.64862621904666,-0.5870652162836552,0.04795591495130733,0.763553181973415
9.5,-0.9746452757206577,1.9774092363733384,-0.2254533613854279,0.6712669205603893,-0.5995088386518094,-2.9915164685891353,0.20834286221454662,49.67503526560519,-41.76805793174228,-0.6001972444898538,0.050779302730432796,0.79210648166047
9.55,-0.9302634348796356,1.9376049188144202,-0.37468511135025695,1.1006768261090434,-0.9913368319318393,-2.9765098802679026,0.5841595760730057,48.27041083735677,-42.00813371271117,-0.6039360703306998,0.05399099294525538,0.8164272791000693
9.6,-0.8649898828201904,1.8784406933937416,-0.522980343668939,1.505367903061713,-1.3732597152795816,-2.9540635673823807,1.1664049535827092,46.33396480537941,-42.37238179758448,-0.5974682009993237,0.05763569536095565,0.8369042037925305
9.65,-0.7802905228001401,1.800507709494609,-0.6699683974913517,1.8762516622922831,-1.7414614414915728,-2.9242336340249677,1.978536593289614,43.81797407836894,-42.86623761909105,-0.579598727041041,0.06173951731193528,0.8539023079633205
9.700000000000001,-0.6780675198445586,1.704584647730925,-0.8152818792328325,2.204998854146333,-2.0922630606307977,-2.887094639493929,3.049336861686571,40.667381580555144,-43.49722822073035,-0.5487877675885624,0.06629417882833832,0.8677824096731587
9.75,-0.5606165822201061,1.5916299396278881,-0.958557580866821,2.4842265254317337,-2.422159478878404,-2.8427394119339797,4.4077533260319495,36.82956316210013,-44.27523229274716,-0.5033071170673457,0.07123320606356948,0.8789180518601679
9.8,-0.43057540477662676,1.4627721912909935,-1.0994373877557853,2.707663824630561,-2.7278544802725424,-2.79127881631426,6.0736787092801565,32.271123057155805,-45.212828651899535,-0.4416204284423132,0.07640249583454453,0.8877034936157924
9.85,-0.2908644320073664,1.3192989067469238,-1.2375691737512782,2.8702928317050316,-3.006293661408593,-2.732841477323663,8.044426794182064,27.002811189829554,-46.32574971072998,-0.3630756770406535,0.0815358725557257,0.8945409641376616
9.9,-0.14462127116171977,1.1626436236288713,-1.372607681325964,2.9684612497636067,-3.2546949500284215,-2.667573457876083,10.280333244042652,21.10904525337127,-47.633459967992515,-0.2688469926783606,0.0862581491835724,0.8997945494911149
9.950000000000001,0.004869771649250843,0.9943715897424044,-1.5042153845375967,2.999964427775229,-3.4705764025666763,-2.5956378940292133,12.698427108059471,14.770399604468855,-49.159881765438726,-0.16272745381121717,0.09014296858300935,0.9037130311841505
10.,0.15425144988758405,0.8161641236267839,-1.6320633326681093,2.9640948722785856,-3.6517810029105107,-2.517214587229357,15.184813772467692,8.261227627302826,-50.93428921836288,-0.0510807614718244,0.0928302198632251,0.9063579852662242
