0.1,0.9950041652780258,0.,0.09983341664682815,-0.09983341664682815,0.,0.9950041652780258,-7.15988982821247e-16,5.85668744719866,180.,-0.10131269588861769,0.10041515460925787,0.9950041652780258
0.15000000000000002,0.9887710779360422,0.,0.14943813247359924,-0.14943813247359924,0.,0.9887710779360422,-7.15169550792922e-16,5.849961207811239,180.,-0.10056530378246446,0.0997568422129488,0.9887710779360424
0.2,0.9800665778412416,0.,0.19866933079506122,-0.19866933079506122,0.,0.9800665778412416,-7.125359310602735e-16,5.828343907495785,180.,-0.09931696226472377,0.0988520373914578,0.9800665778412416
0.25,0.9689124217106447,0.,0.24740395925452294,-0.24740395925452294,0.,0.9689124217106447,-7.080664582221502e-16,5.791659445386131,180.,-0.09757636071421749,0.09770298708392951,0.9689124217106448
0.30000000000000004,0.955336489125606,0.,0.2955202066613396,-0.2955202066613396,0.,0.955336489125606,-7.017438892745314e-16,5.739769237788502,180.,-0.09535730049548219,0.09631248841773826,0.9553364891256059
0.35,0.9393727128473789,0.,0.34289780745545134,-0.34289780745545134,0.,0.9393727128473789,-6.93555749630522e-16,5.6725750434642705,180.,-0.09267866652707529,0.09468388347707954,0.9393727128473789
0.4,0.9210609940028851,0.,0.3894183423086505,-0.3894183423086505,0.,0.9210609940028851,-6.8349468364803e-16,5.59002179153714,180.,-0.08956434501013034,0.09282105416139756,0.921060994002885
0.45000000000000007,0.9004471023526769,0.,0.4349655341112303,-0.4349655341112303,0.,0.9004471023526769,-6.715588057631429e-16,5.492100378548173,180.,-0.08604308530017678,0.09072841714028294,0.9004471023526767
0.5,0.8775825618903728,0.,0.479425538604203,-0.479425538604203,0.,0.8775825618903728,-6.577520477138366e-16,5.378850397074064,180.,-0.08214830441278889,0.08841091887285778,0.8775825618903728
0.55,0.8525245220595057,0.,0.5226872289306592,-0.5226872289306592,0.,0.8525245220595057,-6.420844967308255e-16,5.250362754401172,180.,-0.07791783325378193,0.08587403061863166,0.8525245220595058
0.6,0.8253356149096783,0.,0.5646424733950354,-0.5646424733950354,0.,0.8253356149096783,-6.245727189905819e-16,5.106782136157109,180.,-0.07339360436037673,0.08312374332450143,0.8253356149096784
0.65,0.7960837985490559,0.,0.6051864057360395,-0.6051864057360395,0.,0.7960837985490559,-6.052400620933712e-16,4.94830926670545,180.,-0.06862128173102652,0.08016656223034241,0.7960837985490558
0.7000000000000001,0.7648421872844884,0.,0.6442176872376911,-0.6442176872376911,0.,0.7648421872844884,-5.841169298730286e-16,4.77520291568331,180.,-0.06364983420488626,0.07700950099508508,0.7648421872844883
0.75,0.7316888688738209,0.,0.6816387600233341,-0.6816387600233341,0.,0.7316888688738209,-5.612410224934759e-16,4.587781598487981,180.,-0.05853105481932048,0.07366007510804078,0.7316888688738209
0.8,0.6967067093471654,0.,0.7173560908995228,-0.7173560908995228,0.,0.6967067093471654,-5.366575345691282e-16,4.386424917980364,180.,-0.05331902961266224,0.07012629431840256,0.6967067093471655
0.85,0.6599831458849822,0.,0.7512804051402927,-0.7512804051402927,0.,0.6599831458849822,-5.104193039914651e-16,4.17157449534245,180.,-0.04806956043157972,0.06641665379121842,0.6599831458849824
0.9,0.6216099682706644,0.,0.7833269096274834,-0.7833269096274834,0.,0.6216099682706644,-4.825869042793861e-16,3.9437344400583325,180.,-0.042839547424308726,0.06254012368257078,0.6216099682706645
0.9500000000000001,0.5816830894638835,0.,0.8134155047893737,-0.8134155047893737,0.,0.5816830894638835,-4.532286736201368e-16,3.70347131250757,180.,-0.03768633802365352,0.058506136821899556,0.5816830894638835
1.,0.5403023058681398,0.,0.8414709848078965,-0.8414709848078965,0.,0.5403023058681398,-4.22420674348518e-16,3.45141353774968,180.,-0.0326670503130594,0.054324574196791243,0.5403023058681399
1.05,0.49757104789172696,0.,0.867423225594017,-0.867423225594017,0.,0.49757104789172696,-3.9024657743524887e-16,3.188250235770278,180.,-0.02783787968709378,0.050005747956142946,0.4975710478917272
1.1,0.4535961214255773,0.,0.8912073600614354,-0.8912073600614354,0.,0.4535961214255773,-3.567974676218418e-16,2.914729441722667,180.,-0.02325339862336201,0.04556038168188795,0.4535961214255774
1.1500000000000001,0.40848744088415717,0.,0.9127639402605211,-0.9127639402605211,0.,0.40848744088415717,-3.2217156613942185e-16,2.631655699433642,180.,-0.01896586013407995,0.04099958772732214,0.4084874408841574
1.2000000000000002,0.3623577544766734,0.,0.9320390859672264,-0.9320390859672264,0.,0.3623577544766734,-2.864738694610413e-16,2.3398870224758856,180.,-0.015024516020949898,0.036334841480680044,0.36235775447667345
1.2500000000000002,0.31532236239526845,0.,0.9489846193555863,-0.9489846193555863,0.,0.31532236239526845,-2.4981570422730756e-16,2.040331229193803,180.,-0.011474961378540934,0.031577952484435866,0.31532236239526856
1.3000000000000003,0.2674988286245871,0.,0.9635581854171931,-0.9635581854171931,0.,0.2674988286245871,-2.1231420030788608e-16,1.7339416708878719,180.,-0.008358516846585121,0.026741032421590035,0.2674988286245872
1.35,0.2190066870930415,0.,0.9757233578266591,-0.9757233578266591,0.,0.2190066870930415,-1.7409168586022637e-16,1.4217123855355915,180.,-0.005711659876011398,0.02183646006703164,0.2190066870930416
1.4000000000000001,0.16996714290024081,0.,0.9854497299884603,-0.9854497299884603,0.,0.16996714290024081,-1.352750101567204e-16,1.1046727225291413,180.,-0.0035655157328948347,0.01687684339148949,0.1699671429002409
1.4500000000000002,0.1205027693673664,0.,0.9927129910375885,-0.9927129910375885,0.,0.1205027693673664,-9.599480180174997e-17,0.7838814964857828,180.,-0.0019454181164918994,0.011874979093769764,0.12050276936736654
1.5000000000000002,0.07073720166770268,0.,0.9974949866040544,-0.9974949866040544,0.,0.07073720166770268,-5.63846716778419e-17,0.4604207397741765,180.,-0.0008705481229397024,0.006843809919925963,0.07073720166770281
1.5500000000000003,0.020794827803092206,0.,0.999783764189357,-0.999783764189357,0.,0.020794827803092206,-1.658037147442007e-17,0.13538913355225268,180.,-0.00035365886927456636,0.0017963802017880387,0.020794827803092327
1.6,-0.029199522301288815,0.,0.9995736030415051,-0.9995736030415051,0.,-0.029199522301288815,2.328108010166221e-17,-0.1901047945753827,180.,-0.0004008914404304182,-0.003254209891736028,-0.0291995223012887
1.6500000000000001,-0.07912088880673408,0.,0.9968650284539189,-0.9968650284539189,0.,-0.07912088880673408,6.306229041260389e-17,-0.5149496120411843,180.,-0.0010116859837405786,-0.008294850852054782,-0.07912088880673394
1.7000000000000002,-0.12884449429552486,0.,0.9916648104524686,-0.9916648104524686,0.,-0.12884449429552486,1.0262639169525464e-16,-0.8380379640065941,180.,-0.002178789809618928,-0.013312470511524916,-0.12884449429552472
1.7500000000000002,-0.1782460556494923,0.,0.9839859468739368,-0.9839859468739368,0.,-0.1782460556494923,1.4183793184207793e-16,-1.1582734982299328,180.,-0.0038883623286195598,-0.018294080334530942,-0.1782460556494922
1.8000000000000003,-0.2272020946930873,0.,0.9738476308781951,-0.9738476308781951,0.,-0.2272020946930873,1.8056374364633124e-16,-1.4745776346198605,180.,-0.006120174632345248,-0.023226820758880416,-0.22720209469308716
1.85,-0.27559024682451294,0.,0.9612752029752999,-0.9612752029752999,0.,-0.27559024682451294,2.1867377962068804e-16,-1.7858960861013888,180.,-0.00884789957676791,-0.028098005059375836,-0.2755902468245129
1.9000000000000001,-0.3232895668635036,0.,0.9463000876874145,-0.9463000876874145,0.,-0.3232895668635036,2.560419004782919e-16,-2.091205043939948,180.,-0.01203948641563067,-0.03289516125510495,-0.3232895668635034
1.9500000000000002,-0.3701808313512871,0.,0.9289597150038692,-0.9289597150038692,0.,-0.3701808313512871,2.925466066602581e-16,-2.389516949316648,180.,-0.015657612415746227,-0.03760607164682757,-0.37018083135128693
2.,-0.4161468365471424,0.,0.9092974268256817,-0.9092974268256817,0.,-0.4161468365471424,3.2807170384689047e-16,-2.679885783371322,180.,-0.01966020251229722,-0.04221880964759227,-0.41614683654714224
2.0500000000000003,-0.46107269137671314,0.,0.8873623686333753,-0.8873623686333753,0.,-0.46107269137671314,3.625068951349904e-16,-2.961411819715324,180.,-0.024001006965836194,-0.04672177365465664,-0.46107269137671314
2.1,-0.5048461045998576,0.,0.8632093666488737,-0.8632093666488737,0.,-0.5048461045998576,3.9574829442898563e-16,-3.233245796112807,180.,-0.0286302261855843,-0.051103717799933626,-0.5048461045998573
2.1500000000000004,-0.5473576654802714,0.,0.8368987907984975,-0.8368987907984975,0.,-0.5473576654802714,4.2769885750644385e-16,-3.4945924751745543,180.,-0.03349517139438485,-0.05535377950555726,-0.5473576654802712
2.2,-0.5885011172553458,0.,0.8084964038195901,-0.8084964038195901,0.,-0.5885011172553458,4.582687291088677e-16,-3.7447135770503954,180.,-0.03854094962487116,-0.05946150385698938,-0.5885011172553456
2.25,-0.6281736227227391,0.,0.7780731968879212,-0.7780731968879212,0.,-0.6281736227227391,4.873755062128214e-16,-3.9829300798261382,180.,-0.04371116163797251,-0.06341686488504392,-0.6281736227227389
2.3000000000000003,-0.6662760212798244,0.,0.74570521217672,-0.74570521217672,0.,-0.6662760212798244,5.149444192996287e-16,-4.208623895259022,180.,-0.048948601717844015,-0.06721028391751312,-0.6662760212798242
2.35,-0.7027130767735539,0.,0.7114733527908443,-0.7114733527908443,0.,-0.7027130767735539,5.40908434920381e-16,-4.421238938316335,180.,-0.05419594888809302,-0.07083264521866445,-0.702713076773554
2.4000000000000004,-0.7373937155412458,0.,0.6754631805511506,-0.6754631805511506,0.,-0.7373937155412458,5.652082841149746e-16,-4.620281618479381,180.,-0.059396439873982736,-0.07427530917937554,-0.7373937155412456
2.45,-0.7702312540473074,0.,0.6377647021345036,-0.6377647021345036,0.,-0.7702312540473074,5.877924222698246e-16,-4.805320788778977,180.,-0.06449451506255263,-0.07753012335145283,-0.7702312540473072
2.5000000000000004,-0.801143615546934,0.,0.5984721441039561,-0.5984721441039561,0.,-0.801143615546934,6.086169267809987e-16,-4.975987194951576,180.,-0.06943642974522306,-0.08058943163678953,-0.8011436155469339
2.5500000000000003,-0.8300535352352224,0.,0.5576837173914166,-0.5576837173914166,0.,-0.8300535352352224,6.27645339430487e-16,-5.13197247192699,180.,-0.07417082402483634,-0.08344608194610065,-0.8300535352352223
2.6,-0.8568887533689473,0.,0.5155013718214642,-0.5155013718214642,0.,-0.8568887533689473,6.448484606951274e-16,-5.273027738121135,180.,-0.07864924589373637,-0.0860934326341689,-0.8568887533689472
2.6500000000000004,-0.8815821958782861,0.,0.47203054128988226,-0.47203054128988226,0.,-0.8815821958782861,6.602041033092735e-16,-5.398961839800423,180.,-0.08282662310818495,-0.08852535800035276,-0.881582195878286
2.7,-0.9040721420170612,0.,0.4273798802338298,-0.4273798802338298,0.,-0.9040721420170612,6.736968123180503e-16,-5.509639298239552,180.,-0.08666168056905271,-0.09073625311631621,-0.9040721420170612
2.7500000000000004,-0.9243023786324637,0.,0.3816609920523313,-0.3816609920523313,0.,-0.9243023786324637,6.853175586156114e-16,-5.60497801166935,180.,-0.09011730094663697,-0.09272103820942755,-0.9243023786324639
2.8000000000000003,-0.9422223406686583,0.,0.33498815015590466,-0.33498815015590466,0.,-0.9422223406686583,6.950634125914832e-16,-5.684946762281624,180.,-0.09316082724151037,-0.09447516279196708,-0.9422223406686583
2.85,-0.9577872375530904,0.,0.2874780123425444,-0.2874780123425444,0.,-0.9577872375530904,7.029372040372408e-16,-5.749562576006872,180.,-0.09576430684159423,-0.09599460968503863,-0.9577872375530904
2.9000000000000004,-0.9709581651495907,0.,0.23924932921398198,-0.23924932921398198,0.,-0.9709581651495907,7.089471739234485e-16,-5.798887979589201,180.,-0.09790467741107294,-0.09727589904361852,-0.9709581651495905
2.95,-0.9817022029984541,0.,0.19042264736102704,-0.19042264736102704,0.,-0.9817022029984541,7.131066230690732e-16,-5.833028195825345,180.,-0.09956389562640168,-0.09831609244703464,-0.9817022029984541
3.0000000000000004,-0.9899924966004455,0.,0.14112000805986677,-0.14112000805986677,0.,-0.9899924966004455,7.154335621154869e-16,-5.852128313870911,180.,-0.10072901035907768,-0.09911279707866043,-0.9899924966004455
3.0500000000000003,-0.9958083245390612,0.,0.09146464223243675,-0.09146464223243675,0.,-0.9958083245390612,7.159503666046055e-16,-5.856370467390711,180.,-0.10139218239738819,-0.09966416998081293,-0.9958083245390613
3.1,-0.9991351502732795,0.,0.04158066243329049,-0.04158066243329049,0.,-0.9991351502732795,7.146834403620967e-16,-5.845971049165162,180.,-0.10155065320545159,-0.09996892233659753,-0.9991351502732795
3.1500000000000004,-0.999964658471342,0.,-0.008407247367149063,0.008407247367149063,0.,-0.999964658471342,0.,5.82117798666548,0.,-0.10120666554439536,0.10002632370034949,0.9999646584713417
3.2,-0.9982947757947531,0.,-0.058374143427580086,0.058374143427580086,0.,-0.9982947757947531,0.,5.78226809916059,0.,-0.10036733903520774,0.09983620607278516,0.9982947757947531
3.2500000000000004,-0.9941296760805461,0.,-0.10819513453010882,0.10819513453010882,0.,-0.9941296760805461,0.,5.7295445531833415,0.,-0.09904450393379485,0.09939896769618983,0.994129676080546
3.3000000000000003,-0.9874797699088649,0.,-0.15774569414324865,0.15774569414324865,0.,-0.9874797699088649,0.,5.663334429709937,0.,-0.0972544965241995,0.09871557642898647,0.9874797699088649
3.35,-0.9783616785819341,0.,-0.20690197167339974,0.20690197167339974,0.,-0.9783616785819341,0.,5.58398641322607,0.,-0.09501791962363376,0.09778757254774911,0.978361678581934
3.4000000000000004,-0.9667981925794609,0.,-0.25554110202683167,0.25554110202683167,0.,-0.9667981925794609,0.,5.49186860998383,0.,-0.09235937174025821,0.09661707081795257,0.9667981925794609
3.45,-0.9528182145943047,0.,-0.30354151270842933,0.30354151270842933,0.,-0.9528182145943047,0.,5.387366500201629,0.,-0.08930714843816709,0.09520676167219912,0.9528182145943046
3.5000000000000004,-0.9364566872907962,0.,-0.3507832276896203,0.3507832276896203,0.,-0.9364566872907962,0.,5.270881026721974,0.,-0.08589291944972179,0.09355991133599324,0.9364566872907961
3.5500000000000003,-0.9177545059662758,0.,-0.3971481672859602,0.3971481672859602,0.,-0.9177545059662758,0.,5.142826820708895,0.,-0.0821513850383529,0.09168036074596798,0.9177545059662756
3.6,-0.896758416334147,0.,-0.44252044329485246,0.44252044329485246,0.,-0.896758416334147,0.,5.003630563321891,0.,-0.0781199150595876,0.0895725231133962,0.8967584163341469
3.6500000000000004,-0.8735208976839377,0.,-0.48678664865569976,0.48678664865569976,0.,-0.8735208976839377,0.,4.853729480927116,0.,-0.073838174097992,0.08724137999644146,0.8735208976839376
3.7,-0.848100031710408,0.,-0.5298361409084934,0.5298361409084934,0.,-0.848100031710408,0.,4.693569970276351,0.,-0.06934773597590431,0.08469247575751004,0.8481000317104079
3.7500000000000004,-0.8205593573395604,0.,-0.5715613187423442,0.5715613187423442,0.,-0.8205593573395604,0.,4.523606349176447,0.,-0.06469169083862086,0.08193191029686069,0.8205593573395603
3.8000000000000003,-0.7909677119144165,0.,-0.6118578909427193,0.6118578909427193,0.,-0.7909677119144165,0.,4.3442997274623725,0.,-0.05991424792191849,0.07896632996994968,0.7909677119144166
3.85,-0.7593990591375079,0.,-0.6506251370651673,0.6506251370651673,0.,-0.7593990591375079,0.,4.156116992551151,0.,-0.05506033700280364,0.07580291661346478,0.7593990591375078
3.9000000000000004,-0.7259323042001399,0.,-0.6877661591839741,0.6877661591839741,0.,-0.7259323042001399,0.,3.9595299034692895,0.,-0.05017521142418711,0.07244937462332961,0.7259323042001398
3.95,-0.6906510965605075,0.,-0.7231881240865121,0.7231881240865121,0.,-0.6906510965605075,0.,3.755014286990314,0.,-0.04530405546946604,0.06891391604681876,0.6906510965605075
4.,-0.6536436208636119,0.,-0.7568024953079282,0.7568024953079282,0.,-0.6536436208636119,0.,3.5430493293714433,0.,-0.04049159874421664,0.06520524367005523,0.6536436208636119
4.05,-0.6150023765255744,0.,-0.788525254426195,0.788525254426195,0.,-0.6150023765255744,0.,3.324116957120559,0.,-0.035781740099632614,0.06133253210131173,0.6150023765255745
4.1,-0.5748239465332692,0.,-0.8182771110644103,0.8182771110644103,0.,-0.5748239465332692,0.,3.0987013002390658,0.,-0.03121718350612908,0.05730540686948694,0.5748239465332693
4.1499999999999995,-0.5332087560371551,0.,-0.8459837010754461,0.8459837010754461,0.,-0.5332087560371551,0.,2.867288231458041,0.,-0.026839088155738544,0.053133921575674516,0.533208756037155
4.2,-0.4902608213406994,0.,-0.8715757724135882,0.8715757724135882,0.,-0.4902608213406994,0.,2.6303649751003433,0.,-0.022686734938564046,0.048828533153719204,0.4902608213406994
4.25,-0.4460874899137928,0.,-0.8949893582285835,0.8949893582285835,0.,-0.4460874899137928,0.,2.3884197793483373,0.,-0.018797211301625493,0.04440007531289439,0.4460874899137928
4.3,-0.40079917207997545,0.,-0.9161659367494549,0.9161659367494549,0.,-0.40079917207997545,0.,2.141941645864924,0.,-0.015205116357938434,0.03985973025220799,0.40079917207997545
4.35,-0.35450906504813195,0.,-0.9350525775584491,0.9350525775584491,0.,-0.35450906504813195,0.,1.8914201108960547,0.,-0.011942287969631664,0.0352189987512299,0.35450906504813195
4.3999999999999995,-0.3073328699784202,0.,-0.9516020738895158,0.9516020738895158,0.,-0.3073328699784202,0.,1.6373450721675231,0.,-0.009037553381395377,0.030489668756620417,0.30733286997842013
4.45,-0.2593885027896261,0.,-0.9657730606206388,0.9657730606206388,0.,-0.2593885027896261,0.,1.3802066560716164,0.,-0.006516504829671847,0.025683782596645416,0.2593885027896261
4.5,-0.2107957994307797,0.,-0.977530117665097,0.977530117665097,0.,-0.2107957994307797,0.,1.1204951198143274,0.,-0.004401301398907538,0.02081360296780325,0.21079579943077975
4.55,-0.1616762163536865,0.,-0.9868438585032365,0.9868438585032365,0.,-0.1616762163536865,0.,0.8587007833565936,0.,-0.002710498239090209,0.01589157784819595,0.16167621635368648
4.6,-0.11215252693505487,0.,-0.9936910036334644,0.9936910036334644,0.,-0.11215252693505487,0.,0.5953139861301568,0.,-0.0014589040989612687,0.010930304501401212,0.11215252693505487
4.6499999999999995,-0.06234851460699254,0.,-0.9980544387588793,0.9980544387588793,0.,-0.06234851460699254,0.,0.3308250636363319,0.,-0.0006574679670260753,0.005942492742285601,0.06234851460699253
4.7,-0.01238866346289056,0.,-0.9999232575641008,0.9999232575641008,0.,-0.01238866346289056,0.,0.06572433914247894,0.,-0.00031319544814318917,0.0009409276424152667,0.012388663462890564
4.75,0.03760215288797655,0.,-0.999292788975378,0.999292788975378,0.,0.03760215288797655,0.,-0.19949787422595866,0.,-0.0004290953374452641,-0.0040615681425666735,-0.037602152887976546
4.8,0.0874989834394464,0.,-0.9961646088358407,0.9961646088358407,0.,0.0874989834394464,0.,-0.4643512656417674,0.,-0.0010041566860546959,-0.00905217223803955,-0.08749898343944638
4.85,0.1371771121009073,0.,-0.9905465359667133,0.9905465359667133,0.,0.1371771121009073,0.,-0.7283455175917014,0.,-0.0020333564849527373,-0.014018100420769244,-0.1371771121009073
4.9,0.18651236942257576,0.,-0.9824526126243325,0.9824526126243325,0.,0.18651236942257576,0.,-0.9909903003563773,0.,-0.0035076979249031837,-0.018946644307219283,-0.18651236942257576
4.95,0.23538144295445118,0.,-0.9719030694018208,0.9719030694018208,0.,0.23538144295445118,0.,-1.251795274578674,0.,-0.005414279021990018,-0.02382520867392231,-0.23538144295445118
5.,0.28366218546322625,0.,-0.9589242746631385,0.9589242746631385,0.,0.28366218546322625,0.,-1.5102701065908153,0.,-0.007736391230569408,-0.028641348226995968,-0.28366218546322625
5.05,0.3312339202367537,0.,-0.9435486686359066,0.9435486686359066,0.,0.3312339202367537,0.,-1.7659245012410942,0.,-0.010453647498713754,-0.03338280364237107,-0.3312339202367537
5.1,0.37797774271298024,0.,-0.9258146823277325,0.9258146823277325,0.,0.37797774271298024,0.,-2.018268257056396,0.,-0.013542139055978042,-0.03803753670428586,-0.37797774271298024
5.15,0.4237768176794282,0.,-0.9057666414687044,0.9057666414687044,0.,0.4237768176794282,0.,-2.266811348694095,0.,-0.016974620059952338,-0.042593764377047254,-0.42377681767942826
5.2,0.4685166713003771,0.,-0.8834546557201531,0.8834546557201531,0.,0.4685166713003771,0.,-2.5110640417747367,0.,-0.02072071906695363,-0.04703999165393485,-0.46851667130037716
5.25,0.5120854772418407,0.,-0.858934493426592,0.858934493426592,0.,0.5120854772418407,0.,-2.750537045342399,0.,-0.02474717613368913,-0.05136504303737984,-0.5120854772418406
5.3,0.5543743361791608,0.,-0.8322674422239013,0.8322674422239013,0.,0.5543743361791608,0.,-2.9847417073690585,0.,-0.029018104201072578,-0.05555809251612569,-0.5543743361791608
5.35,0.5952775479886061,0.,-0.8035201558521559,0.8035201558521559,0.,0.5952775479886061,0.,-3.213190258898999,0.,-0.03349527325883807,-0.059608691917914985,-0.595277547988606
5.4,0.6346928759426347,0.,-0.7727644875559871,0.7727644875559871,0.,0.6346928759426347,0.,-3.4353961126136996,0.,-0.038138415640348276,-0.06350679753025877,-0.6346928759426346
5.45,0.6725218022484659,0.,-0.7400773104888944,0.7400773104888944,0.,0.6725218022484659,0.,-3.650874221781086,0.,-0.04290555065117332,-0.06724279489695033,-0.6725218022484658
5.5,0.70866977429126,0.,-0.7055403255703919,0.7055403255703919,0.,0.70866977429126,0.,-3.859141505728313,0.,-0.04775332659270588,-0.07080752171408107,-0.70866977429126
5.55,0.7430464409664099,0.,-0.669239857276262,0.669239857276262,0.,0.7430464409664099,0.,-4.059717348135756,0.,-0.05263737810331682,-0.07419228876628131,-0.7430464409664099
5.6,0.7755658785102496,0.,-0.6312666378723216,0.6312666378723216,0.,0.7755658785102496,0.,-4.252124174582424,0.,-0.057512696604364054,-0.07738889886162126,-0.7755658785102498
5.65,0.8061468052647157,0.,-0.5917155806310094,0.5917155806310094,0.,0.8061468052647157,0.,-4.435888115867861,0.,-0.06233401150673554,-0.08038966374190923,-0.8061468052647157
5.7,0.8347127848391598,0.,-0.5506855425976376,0.5506855425976376,0.,0.8347127848391598,0.,-4.610539763680245,0.,-0.0670561797055407,-0.08318741896385258,-0.8347127848391598
5.75,0.8611924171615208,0.,-0.5082790774992583,0.5082790774992583,0.,0.8611924171615208,0.,-4.7756150251605165,0.,-0.07163458076610371,-0.08577553676551528,-0.8611924171615207
5.8,0.8855195169413189,0.,-0.46460217941375737,0.46460217941375737,0.,0.8855195169413189,0.,-4.930656082811298,0.,-0.07602551508364466,-0.0881479369514992,-0.8855195169413189
5.85,0.9076332790984132,0.,-0.41976401783985967,0.41976401783985967,0.,0.9076332790984132,0.,-5.075212465999715,0.,-0.08018660218218053,-0.0902990958490664,-0.9076332790984132
5.9,0.9274784307440359,0.,-0.373876664830236,0.373876664830236,0.,0.9274784307440359,0.,-5.20884223998489,0.,-0.08407717620558351,-0.09222405340574573,-0.9274784307440358
5.95,0.9450053693342275,0.,-0.32705481486974064,0.32705481486974064,0.,0.9450053693342275,0.,-5.331113317942814,0.,-0.08765867554596997,-0.0939184185165459,-0.9450053693342274
6.,0.960170286650366,0.,-0.27941549819892586,0.27941549819892586,0.,0.960170286650366,0.,-5.4416049008408,0.,-0.09089502345249485,-0.09537837268542088,-0.9601702866503661
6.05,0.9729352782968974,0.,-0.23107778829939224,0.23107778829939224,0.,0.9729352782968974,0.,-5.539909049207115,0.,-0.09375299636836601,-0.09660067214076846,-0.9729352782968976
6.1,0.9832684384425845,0.,-0.18216250427209588,0.18216250427209588,0.,0.9832684384425845,0.,-5.625632389824468,0.,-0.09620257665706182,-0.09758264853813141,-0.9832684384425849
6.15,0.991143939568469,0.,-0.13279190885251674,0.13279190885251674,0.,0.991143939568469,0.,-5.698397959124656,0.,-0.09821728630241297,-0.0983222083945418,-0.9911439395684689
6.2,0.9965420970232175,0.,-0.0830894028174964,0.0830894028174964,0.,0.9965420970232175,0.,-5.757847183552605,0.,-0.09977449810404104,-0.09881783140770768,-0.9965420970232174
6.25,0.9994494182244994,0.,-0.03317921654755682,0.03317921654755682,0.,0.9994494182244994,0.,-5.803641995380063,0.,-0.10085572084292979,-0.09906856781909792,-0.9994494182244994
6.3,0.9998586363834151,0.,0.016813900484349713,-0.016813900484349713,0.,0.9998586363834151,-7.13403753173216e-16,5.835467080364271,180.,-0.10144685486563239,0.09907403498253717,0.9998586363834153
6.35,0.9977687286676841,0.,0.06676499152155546,-0.06676499152155546,0.,0.9977687286676841,-7.155436854972627e-16,5.853032251251822,180.,-0.10153841453454775,0.09883441329880781,0.9977687286676843
6.4,0.9931849187581926,0.,0.11654920485049364,-0.11654920485049364,0.,0.9931849187581926,-7.159143636262071e-16,5.856074938415734,180.,-0.1011257140213584,0.09835044167161788,0.9931849187581925
6.45,0.9861186637925126,0.,0.1660421058649572,-0.1660421058649572,0.,0.9861186637925126,-7.144875089377877e-16,5.844362785885937,180.,-0.10020901298740849,0.0976234126308413,0.9861186637925125
6.5,0.9765876257280235,0.,0.21511998808781552,-0.21511998808781552,0.,0.9765876257280235,-7.112387081893312e-16,5.817696337702047,180.,-0.09879361880552374,0.09665516725494495,0.9765876257280236
6.55,0.9646156271962181,0.,0.2636601823727784,-0.2636601823727784,0.,0.9646156271962181,-7.061477450102659e-16,5.775911795906695,180.,-0.09688994214013497,0.09544809000585273,0.964615627196218
6.6,0.9502325919585296,0.,0.31154136351337786,-0.31154136351337786,0.,0.9502325919585296,-6.991989410720298e-16,5.718883827647236,180.,-0.09451350292458809,0.09400510356615581,0.9502325919585295
6.65,0.9334744701125118,0.,0.35864385349280037,-0.35864385349280037,0.,0.9334744701125118,-6.903815040217813e-16,5.646528394819143,180.,-0.09168488406438169,0.09232966374069705,0.9334744701125116
6.7,0.9143831482353194,0.,0.4048499206165983,-0.4048499206165983,0.,0.9143831482353194,-6.796898786796342e-16,5.558805575540351,180.,-0.088429630560767,0.0904257544524515,0.9143831482353193
6.75,0.8930063446890767,0.,0.4500440737806176,-0.4500440737806176,0.,0.8930063446890767,-6.671240973916656e-16,5.455722342586046,180.,-0.08477809219803675,0.088297882826804,0.8930063446890766
6.8,0.8693974903498253,0.,0.49411335113860816,-0.49411335113860816,0.,0.8693974903498253,-6.526901248173523e-16,5.337335259852482,180.,-0.08076520847615136,0.08595107431952191,0.8693974903498254
6.85,0.8436155950581596,0.,0.536947602448011,-0.536947602448011,0.,0.8436155950581596,-6.36400191828582e-16,5.203753054089944,180.,-0.07643023510256117,0.08339086780289319,0.8436155950581598
6.9,0.8157251001253568,0.,0.5784397643882001,-0.5784397643882001,0.,0.8157251001253568,-6.182731126294922e-16,5.055139015701716,180.,-0.0718164120852267,0.08062331048284271,0.815725100125357
6.95,0.785795717263661,0.,0.618486128163024,-0.618486128163024,0.,0.785795717263661,-5.983345786967387e-16,4.891713179515073,180.,-0.06697057429181562,0.07765495247876801,0.7857957172636609
7.,0.7539022543433046,0.,0.6569865987187891,-0.6569865987187891,0.,0.7539022543433046,-5.766174227155194e-16,4.713754234270506,180.,-0.061942706252913184,0.07449284085896178,0.7539022543433048
7.05,0.7201244284117941,0.,0.6938449449297637,-0.6938449449297637,0.,0.7201244284117941,-5.531618453766936e-16,4.521601108330017,180.,-0.056785443980386666,0.07114451288958329,0.7201244284117944
7.1,0.6845466664428066,0.,0.7289690401258759,-0.7289690401258759,0.,0.6845466664428066,-5.280155977340838e-16,4.315654178954287,180.,-0.05155352763127744,0.06761798822605697,0.6845466664428068
7.15,0.6472578943127236,0.,0.7622710923614112,-0.7622710923614112,0.,0.6472578943127236,-5.012341118272635e-16,4.096376053610452,180.,-0.046303209952866034,0.06392175975439272,0.6472578943127236
7.2,0.6083513145322546,0.,0.7936678638491531,-0.7936678638491531,0.,0.6083513145322546,-4.728805724799813e-16,3.86429187429243,180.,-0.04109162657041543,0.06006478277801721,0.6083513145322548
7.25,0.5679241732886948,0.,0.8230808790115055,-0.8230808790115055,0.,0.5679241732886948,-4.4302592360980425e-16,3.61998909987629,180.,-0.0359761352947917,0.05605646224486935,0.567924173288695
7.3,0.5260775173811053,0.,0.8504366206285644,-0.8504366206285644,0.,0.5260775173811053,-4.117488030462314e-16,3.364116727161273,180.,-0.03101363269718969,0.051906637721022,0.5260775173811055
7.35,0.4829159416559378,0.,0.8756667135928823,-0.8756667135928823,0.,0.4829159416559378,-3.7913540075988385e-16,3.0973839184739345,180.,-0.026259857183293257,0.04762556584177377,0.48291594165593793
7.4,0.43854732757439036,0.,0.8987080958116269,-0.8987080958116269,0.,0.43854732757439036,-3.452792365520905e-16,2.820558012485826,180.,-0.021768688657798664,0.04322390000931411,0.4385473275743904
7.45,0.39308257356494075,0.,0.9195031758289707,-0.9195031758289707,0.,0.39308257356494075,-3.1028085462858844e-16,2.534461905089935,180.,-0.017591455560209183,0.03871266715735237,0.3930825735649408
7.5,0.3466353178350258,0.,0.9379999767747389,-0.9379999767747389,0.,0.3466353178350258,-2.742474340574577e-16,2.2399707985992183,180.,-0.013776260533689461,0.03410324146648187,0.3466353178350259
7.55,0.2993216543347071,0.,0.9541522662795148,-0.9541522662795148,0.,0.2993216543347071,-2.3729231585191425e-16,1.9380083299006643,180.,-0.010367336224063715,0.029407314987775383,0.2993216543347072
7.6,0.2512598425822557,0.,0.9679196720314863,-0.9679196720314863,0.,0.2512598425822557,-1.995344492736549e-16,1.6295421011806375,180.,-0.007404442665700728,0.024636865213729854,0.2512598425822558
7.65,0.20257001207694433,0.,0.9792677826862,-0.9792677826862,0.,0.20257001207694433,-1.6109776186257125e-16,1.3155786500358926,180.,-0.004922317373805932,0.0198041197221507,0.2025700120769445
7.7,0.15337386203786435,0.,0.9881682338770004,-0.9881682338770004,0.,0.15337386203786435,-1.2211045959653982e-16,0.9971579087613788,180.,-0.0029501886181221514,0.014921518106352272,0.15337386203786443
7.75,0.10379435721925297,0.,0.9945987791111761,-0.9945987791111761,0.,0.10379435721925297,-8.270426539880036e-17,0.6753472149005582,180.,-0.0015113614032287793,0.010001671490312856,0.10379435721925309
7.8,0.05395542056264975,0.,0.998543345374605,-0.998543345374605,0.,0.05395542056264975,-4.301360586750426e-17,0.3512349462970864,180.,-0.000622884440838166,0.005057320006235495,0.053955420562649875
7.85,0.003981623454079739,0.,0.9999920733059188,-0.9999920733059188,0.,0.003981623454079739,-3.1747575327831108e-18,0.025923863462630307,180.,-0.0002953048984412151,0.00010128868053635096,0.0039816234540798615
7.9,-0.04600212563953695,0.,0.998941341839772,-0.998941341839772,0.,-0.04600212563953695,3.6675034910901716e-17,-0.2994757503111417,180.,-0.0005325159877423453,-0.004853557770782008,-0.04600212563953682
7.95,-0.09587089337649782,0.,0.9953937772576199,-0.9953937772576199,0.,-0.09587089337649782,7.63984551463152e-17,-0.6238530553328878,180.,-0.001331700567956755,-0.009794360697910568,-0.09587089337649768
8.,-0.14550003380861354,0.,0.9893582466233818,-0.9893582466233818,0.,-0.14550003380861354,1.158590128708719e-16,-0.9461036297875114,180.,-0.0026833719442506507,-0.014708313264624805,-0.14550003380861343
8.05,-0.19476549993116135,0.,0.9808498356203995,-0.9808498356203995,0.,-0.19476549993116135,1.549219288200682e-16,-1.265136353100024,180.,-0.00457151100698109,-0.019582705627133903,-0.1947654999311612
8.1,-0.2435441537357911,0.,0.9698898108450863,-0.9698898108450863,0.,-0.2435441537357911,1.9345499383219527e-16,-1.5798801020007425,180.,-0.006973796851631471,-0.02440496900314558,-0.243544153735791
8.15,-0.2917140739914265,0.,0.9565055666515091,-0.9565055666515091,0.,-0.2917140739914265,2.313293893548393e-16,-1.8892901678546767,180.,-0.009861926109613785,-0.02916271812735067,-0.29171407399142635
8.2,-0.3391548609838345,0.,0.9407305566797731,-0.9407305566797731,0.,-0.3391548609838345,2.6842045788505804e-16,-2.1923543110870103,180.,-0.013202014468552884,-0.033843791643586765,-0.3391548609838344
8.25,-0.3857479374522218,0.,0.9226042102393402,-0.9226042102393402,0.,-0.3857479374522218,3.0460841322396484e-16,-2.4880983778248296,180.,-0.01695507232126599,-0.03843629005188464,-0.38574793745222163
8.3,-0.43137684497062084,0.,0.9021718337562933,-0.9021718337562933,0.,-0.43137684497062084,3.3977898205189265e-16,-2.7755914148045675,180.,-0.02107754519866847,-0.042928610907036945,-0.43137684497062073
8.35,-0.47592753503330965,0.,0.8794844975308649,-0.8794844975308649,0.,-0.47592753503330965,3.7382397012407284e-16,-3.053950230738551,180.,-0.0255219086441253,-0.047309481050523045,-0.4759275350333095
8.4,-0.5192886541166856,0.,0.8545989080882805,-0.8545989080882805,0.,-0.5192886541166856,4.0664174827608764e-16,-3.322343365232811,180.,-0.030237306492782744,-0.05156798574560982,-0.5192886541166853
8.45,-0.5613518220050715,0.,0.827577266441984,-0.827577266441984,0.,-0.5613518220050715,4.3813765534119406e-16,-3.5799944395417285,180.,-0.03517022113325961,-0.05569359467238267,-0.5613518220050713
8.5,-0.6020119026848236,0.,0.7984871126234903,-0.7984871126234903,0.,-0.6020119026848236,4.682243169497211e-16,-3.8261848764901,180.,-0.04026516424224926,-0.05967618482177525,-0.6020119026848234
8.55,-0.6411672671296018,0.,0.7674011568674872,-0.7674011568674872,0.,-0.6411672671296018,4.968218809430195e-16,-4.060255989384551,180.,-0.04546537667541596,-0.06350606040223625,-0.6411672671296016
8.6,-0.6787200473200125,0.,0.7343970978741133,-0.7343970978741133,0.,-0.6787200473200125,5.238581717398945e-16,-4.281610451326543,180.,-0.05071352664171079,-0.06717396993703265,-0.6787200473200123
8.65,-0.7145763808626919,0.,0.699557428602668,-0.699557428602668,0.,-0.7145763808626919,5.492687674020231e-16,-4.4897131667437415,180.,-0.055952395947230865,-0.07067112078249943,-0.7145763808626918
8.7,-0.7486466455973987,0.,0.6629692300821833,-0.6629692300821833,0.,-0.7486466455973987,5.729970043290492e-16,-4.684091575966101,180.,-0.06112554492901866,-0.07398919133673529,-0.7486466455973986
8.75,-0.7808456836057491,0.,0.6247239537541924,-0.6247239537541924,0.,-0.7808456836057491,5.949939154583259e-16,-4.864335431151801,180.,-0.06617794766675104,-0.07712034123391741,-0.780845683605749
8.8,-0.811093014061656,0.,0.5849171928917617,-0.5849171928917617,0.,-0.811093014061656,6.152181085444221e-16,-5.030096087751213,180.,-0.07105659011927667,-0.0800572198318082,-0.8110930140616559
8.85,-0.8393130343914837,0.,0.5436484436660883,-0.5436484436660883,0.,-0.8393130343914837,6.336355915557678e-16,-5.181085359987715,180.,-0.07571102494373484,-0.08279297329998112,-0.8393130343914836
8.9,-0.8654352092411123,0.,0.5010208564578846,-0.5010208564578846,0.,-0.8654352092411123,6.502195524644314e-16,-5.317073991589867,180.,-0.08009387788131153,-0.08532125060503369,-0.8654352092411122
8.95,-0.8893942467775813,0.,0.4571409780351558,-0.4571409780351558,0.,-0.8893942467775813,6.6495010074120135e-16,-5.4378897943365425,180.,-0.08416130170401868,-0.08763620866817799,-0.8893942467775812
9.,-0.9111302618846769,0.,0.4121184852417566,-0.4121184852417566,0.,-0.9111302618846769,6.778139777275186e-16,-5.543415507016301,180.,-0.08787337478490544,-0.08973251694188471,-0.9111302618846772
9.05,-0.9305889258445285,0.,0.366065910862411,-0.366065910862411,0.,-0.9305889258445285,6.888042427666884e-16,-5.633586426318857,180.,-0.09119444235901603,-0.0916053616175776,-0.9305889258445285
9.1,-0.9477216021311119,0.,0.3190983623493521,-0.3190983623493521,0.,-0.9477216021311119,6.979199415688168e-16,-5.7083878591504345,180.,-0.09409339946888018,-0.09325044963762048,-0.9477216021311119
9.15,-0.9624854679762374,0.,0.27133323411363275,-0.27133323411363275,0.,-0.9624854679762374,7.051657627859464e-16,-5.767852443077993,180.,-0.09654391542610415,-0.0946640126437784,-0.9624854679762372
9.2,-0.9748436214041636,0.,0.22288991410024764,-0.22288991410024764,0.,-0.9748436214041636,7.105516882135471e-16,-5.812057378240554,180.,-0.09852460036412111,-0.09584281095261052,-0.9748436214041636
9.25,-0.9847651734673236,0.,0.17388948538043356,-0.17388948538043356,0.,-0.9847651734673236,7.140926414368383e-16,-5.841121610288114,180.,-0.10001911510467945,-0.09678413760730362,-0.9847651734673236
9.3,-0.9922253254526034,0.,0.1244544235070617,-0.1244544235070617,0.,-0.9922253254526034,7.158081391274334e-16,-5.855202999875248,180.,-0.1010162261137759,-0.09748582251648333,-0.9922253254526037
9.35,-0.997205430865212,0.,0.07470829038953478,-0.07470829038953478,0.,-0.997205430865212,7.157219485862813e-16,-5.854495510084311,180.,-0.10150980778561326,-0.09794623665453833,-0.997205430865212
9.4,-0.9996930420352065,0.,0.024775425453357765,-0.024775425453357765,0.,-0.9996930420352065,7.138617545380352e-16,-5.839226438999794,180.,-0.10149879467174958,-0.09816429626569151,-0.9996930420352063
9.45,-0.9996819412301848,0.,-0.02521936514365872,0.02521936514365872,0.,-0.9996819412301848,0.,5.809653720597952,0.,-0.10098708657413728,0.09813946698598688,0.9996819412301848
9.5,-0.9971721561963784,0.,-0.0751511204618093,0.0751511204618093,0.,-0.9971721561963784,0.,5.766063313231832,0.,-0.09998340965314904,0.09787176777384504,0.9971721561963783
9.55,-0.9921699600893009,0.,-0.12489503711675232,0.12489503711675232,0.,-0.9921699600893009,0.,5.708766691340056,0.,-0.0985011368731249,0.0973617745210246,0.992169960089301
9.6,-0.984687855794127,0.,-0.17432678122297965,0.17432678122297965,0.,-0.984687855794127,0.,5.638098452629814,0.,-0.09655807122651223,0.09661062320170262,0.984687855794127
9.65,-0.9747445446749893,0.,-0.2233227991637839,0.2233227991637839,0.,-0.9747445446749893,0.,5.554414049907346,0.,-0.09417619525100356,0.09562001240782587,0.9747445446749894
9.700000000000001,-0.9623648798313097,0.,-0.2717606264109442,0.2717606264109442,0.,-0.9623648798313097,0.,5.458087653966367,0.,-0.09138139038929766,0.0943922051136604,0.9623648798313098
9.75,-0.9475798039779932,0.,-0.31951919362227366,0.31951919362227366,0.,-0.9475798039779932,0.,5.34951015149953,0.,-0.08820312974465237,0.09293002951127814,0.9475798039779931
9.8,-0.9304262721047533,0.,-0.3664791292519284,0.3664791292519284,0.,-0.9304262721047533,0.,5.2290872798643955,0.,-0.08467414776289903,0.09123687876122115,0.9304262721047533
9.85,-0.9109471591078876,0.,-0.4125230579170927,0.4125230579170927,0.,-0.9109471591078876,0.,5.097237898701355,0.,-0.08083009032794118,0.0893167095083875,0.9109471591078876
9.9,-0.8891911526253609,0.,-0.45753589377532133,0.45753589377532133,0.,-0.8891911526253609,0.,4.954392396848568,0.,-0.07670914869706166,0.08717403902189531,0.8891911526253605
9.950000000000001,-0.8652126313430711,0.,-0.5014051281791989,0.5014051281791989,0.,-0.8652126313430711,0.,4.800991231708391,0.,-0.07235168062803628,0.08481394082890231,0.8652126313430709
10.,-0.8390715290764524,0.,-0.5440211108893698,0.5440211108893698,0.,-0.8390715290764524,0.,4.637483597166806,0.,-0.06779982196481517,0.08224203872568442,0.8390715290764523
