0.1,1.8421219880057702,0.09983341664682815,0.,-3.115346738469204,0.9950041652780258,0.,-16.96374260925365,70.73945999149666,162.28714523076755,-0.939081900498743,0.032737560311606295,0.9928336841546848
0.15000000000000002,1.6506712298193564,0.14943813247359924,0.,-4.517139787160284,0.9887710779360422,0.,-11.867740956780722,69.17730160839395,167.65308415145535,-0.921535509492565,0.03596994063620915,0.9891071549349003
0.2,1.3934134186943308,0.19866933079506122,0.,-5.738848727196182,0.9800665778412416,0.,-9.33141868787149,65.93390591892576,170.30866075336903,-0.8910708137136556,0.04131906063632144,0.9817300342536568
0.25,1.0806046117362795,0.24740395925452294,0.,-6.731767878463172,0.9689124217106447,0.,-7.830884075363585,60.15127992504099,171.80959029392022,-0.8356046631529778,0.05015381348398365,0.9723769642360973
0.30000000000000004,0.7247155089533468,0.2955202066613396,0.,-7.456312687737811,0.955336489125606,0.,-6.681397963139339,49.47421022232334,172.69878429989794,-0.7202328153816263,0.06486579259724468,0.9632700397803726
0.35,0.33993428580048207,0.34289780745545134,0.,-7.883597839907681,0.9393727128473789,0.,-5.034400518728608,28.67673660689933,173.20494028393276,-0.44312854660461864,0.08651962032679529,0.959932682156008
0.4,-0.05839904460257763,0.3894183423086505,0.,-7.996588824332041,0.9210609940028851,0.,-1.628248381812961,-5.668951543919423,173.4295269375829,0.10191171404106,0.09673296982028436,0.9599731915393566
0.45000000000000007,-0.4544041893861746,0.4349655341112303,0.,-7.790781047025561,0.9004471023526769,0.,1.8898242815719182,-36.57815811504817,173.407090484592,0.5485780192982833,0.0768230172494441,0.9374592533818117
0.5,-0.8322936730942848,0.479425538604203,0.,-7.274379414605454,0.8775825618903728,0.,3.878995014339693,-53.57087410604403,173.1210694756691,0.7165328051832268,0.05585572388813348,0.9063731288645148
0.55,-1.1770022345106916,0.5226872289306592,0.,-6.467971230556721,0.8525245220595057,0.,5.248907708679695,-62.39144329813129,172.49129310011588,0.7648030441581914,0.04287419060184752,0.8767089733174064
0.6,-1.4747874310824909,0.5646424733950354,0.,-5.403705444409208,0.8253356149096783,0.,6.751456511169578,-67.2857904439705,171.31603363798578,0.7704144136782224,0.03523571400736548,0.8478603426750454
0.65,-1.7137775067378946,0.6051864057360395,0.,-4.124010974571713,0.7960837985490559,0.,9.093159668729818,-70.07688195810964,169.07422133518457,0.7580510848085488,0.03092868480190131,0.8192236119540582
0.7000000000000001,-1.8844446813373166,0.6442176872376911,0.,-2.6799052012472373,0.7648421872844884,0.,13.969819076461302,-71.42976599098388,164.07130819596662,0.736438079161681,0.02941990328033304,0.7915640668481978
0.75,-1.9799849932008908,0.6816387600233341,0.,-1.1289600644789377,0.7316888688738209,0.,30.147243309128495,-70.02055798260288,147.05237546214866,0.709131527993522,0.03408964682384177,0.7693788247809096
0.8,-1.9965895515895062,0.7173560908995228,0.,0.4669931474206407,0.6967067093471654,0.,53.69721999194614,60.313593381488396,56.16658424052583,0.6777414888783274,0.010551419364999775,-0.5616898997249884
0.85,-1.9335963851589222,0.7512804051402927,0.,2.04432881621465,0.6599831458849822,0.,18.35032669204514,71.45362338416915,17.891952686285286,0.6429980631856878,-0.012734072269908123,-0.6509677457032115
0.9,-1.793516832668294,0.7833269096274834,0.,3.5401635463588197,0.6216099682706644,0.,10.896857398357113,70.79154643887493,9.958926847164777,0.6050832871636161,-0.01582119304039753,-0.6250979684327913
0.9500000000000001,-1.581935423828833,0.8134155047893737,0.,4.894863127541754,0.5816830894638835,0.,8.032881776635357,68.62447571826891,6.7769857653535155,0.5635687140698891,-0.017700335206323154,-0.590947387434305
1.,-1.3072872417272239,0.8414709848078965,0.,6.054419962463426,0.5403023058681398,0.,6.701631738230904,64.72873959191128,5.09962181822087,0.5167988000831639,-0.01993258798612146,-0.5537187537378022
1.05,-0.9805216426813989,0.867423225594017,0.,6.9726061793087055,0.49757104789172696,0.,6.143932288104371,57.84091598063855,4.081755849536231,0.45965921999491244,-0.02328619502607281,-0.5136730232137195
1.1,-0.6146657399568387,0.8912073600614354,0.,7.612816591116129,0.4535961214255773,0.,6.084199715461499,44.89525556714193,3.4098356620462638,0.37560106739929294,-0.028477517535082642,-0.4661047579201435
1.1500000000000001,-0.22430505387010796,0.9127639402605211,0.,7.949528029067716,0.40848744088415717,0.,6.003630102633791,19.84705530746254,2.941563250436972,0.2180588170447419,-0.03410300897084764,-0.3922417804294556
1.2000000000000002,0.17499796687889455,0.9320390859672264,0.,7.969316870686725,0.3623577544766734,0.,4.505016662528493,-16.158205452739374,2.6033950333355205,-0.01448299530631967,-0.030767442055133126,-0.2979490184243693
1.2500000000000002,0.5673243709264543,0.9489846193555863,0.,7.671394197305106,0.31532236239526845,0.,2.4625626235768086,-42.905594905360815,2.3537411576628258,-0.145977669518466,-0.020215022007202873,-0.2477130929859298
1.3000000000000003,0.9370333426007558,0.9635581854171931,0.,7.067637245761222,0.2674988286245871,0.,1.2644811793504231,-56.87396751895311,2.1675195282023427,-0.1711350983408354,-0.012568828738687652,-0.21282647389153994
1.35,1.2693857518852694,0.9757233578266591,0.,6.182115900447897,0.2190066870930415,0.,0.6499796744417038,-64.26597012619548,2.028903005536015,-0.1542497556117002,-0.007933229894402757,-0.1742695402639987
1.4000000000000001,1.5511317570205003,0.9854497299884603,0.,5.050133102978567,0.16996714290024081,0.,0.3220617069540792,-68.46733220694361,1.9276176028989296,-0.1211286816178046,-0.0049329185363998045,-0.13154169314840902
1.4500000000000002,1.7710390338826387,0.9927129910375885,0.,3.7168174353100527,0.1205027693673664,0.,0.14128031697924123,-70.93324714218495,1.856933430357285,-0.08068667835704632,-0.002785930659846924,-0.08594998894109092
1.5000000000000002,1.9203405733007326,0.9974949866040544,0.,2.2353239855914,0.07073720166770268,0.,0.04469604661730794,-72.31844678935778,1.8125296617786586,-0.0364577323785934,-0.0010796803421673482,-0.03840902415810583
1.5500000000000003,1.9930841940464352,0.999783764189357,0.,0.6647152225399642,0.020794827803092206,0.,0.003711918157566484,-72.92504551695585,1.7918461515551967,0.009909431525451472,0.0004298709636516477,0.010539022687088982
1.6,1.9863698375163852,0.9995736030415051,0.,-0.9323936388039491,-0.029199522301288815,0.,-0.00734537425866262,72.87075165457523,-178.20626963135513,0.057503262004069564,-0.0019184564977253245,-0.06059554425434201
1.6500000000000001,1.9004651839170585,0.9968650284539189,0.,-2.4923309081070295,-0.07912088880673408,0.,-0.0565414107505831,72.14538681970875,-178.18171373903638,0.10569334036958301,-0.003550900423076706,-0.11164481092175715
1.7000000000000002,1.7387949806996497,0.9916648104524686,0.,-3.9529068091088715,-0.12884449429552486,0.,-0.16464239362439276,70.60622309184345,-178.13311231565007,0.15385632036848187,-0.005530930735149847,-0.16375657407533015
1.7500000000000002,1.507804508686608,0.9839859468739368,0.,-5.255892789750318,-0.1782460556494923,0.,-0.36440713745124104,67.90816694322478,-178.05764035084718,0.2010038796032285,-0.008172464561340794,-0.2172504722921949
1.8000000000000003,1.2167026290645078,0.9738476308781951,0.,-6.349342910793229,-0.2272020946930873,0.,-0.7276572538889735,63.305292601968695,-177.95062743774488,0.2447852784004899,-0.01203749927532423,-0.27281117218525847
1.85,0.8770946551487807,0.9612752029752999,0.,-7.189664766493015,-0.27559024682451294,0.,-1.4139867237762827,55.123078498836584,-177.80484461384762,0.2778692796993731,-0.01821230066422614,-0.3313449816381247
1.9000000000000001,0.5025196851645097,0.9463000876874145,0.,-7.743357376251892,-0.3232895668635036,0.,-2.7509343906456625,39.480131978076514,-177.60925713888804,0.2732787177470072,-0.028477303460321197,-0.3905046538477948
1.9500000000000002,0.10791084112529772,0.9289597150038692,0.,-7.98834676299684,-0.3701808313512871,0.,-4.867584859374491,10.225064583255424,-177.34680561062572,0.14922898327188508,-0.04127365197651979,-0.4250167916277735
2.,-0.2910000676172271,0.9092974268256817,0.,-7.914865972987054,-0.4161468365471424,0.,-6.07629841966081,-25.153580267843676,-176.9902809939119,-0.10175799334224045,-0.042547087618944865,-0.4208409464981794
2.0500000000000003,-0.6783097219676725,0.8873623686333753,0.,-7.5258444534381805,-0.46107269137671314,0.,-6.071005566070298,-47.7220304535072,-176.49414207791344,-0.2865410475377003,-0.03506948243312296,-0.44448607009757535
2.1,-1.0385773082333711,0.8632093666488737,0.,-6.836791264706244,-0.5048461045998576,0.,-6.197042504411933,-59.30528287192785,-175.77679835702259,-0.39394743109586466,-0.029299112957392934,-0.4872719727520256
2.1500000000000004,-1.3574400946400274,0.8368987907984975,0.,-5.875176782992898,-0.5473576654802714,0.,-6.860460712559864,-65.54378699326276,-174.67743350576634,-0.46694409125858805,-0.026067935818316495,-0.5330863140792598
2.2,-1.622186028123312,0.8084964038195901,0.,-4.679337543134094,-0.5885011172553458,0.,-8.371502246537373,-69.09074350301582,-172.83177977697687,-0.5241763362013734,-0.024695188117856353,-0.5783800787186447
2.25,-1.8222605237693539,0.7780731968879212,0.,-3.2969478819340527,-0.6281736227227391,0.,-11.665362921351443,-71.02107258632904,-169.21262403175442,-0.5727123492284404,-0.025044302457893304,-0.6232862193158107
2.3000000000000003,-1.949687242808328,0.74570521217672,0.,-1.7831193128019673,-0.6662760212798244,0.,-20.805762774622888,-71.30468436675596,-159.51141758515607,-0.6153978555950745,-0.028618192067266433,-0.6708586478984543
2.35,-1.999386084070413,0.7114733527908443,0.,-0.19820340362686212,-0.7027130767735539,0.,-67.78926975526942,-39.22355004567801,-105.75134581958172,-0.6533380447300752,-0.0682319492722648,-0.6138287088609378
2.4000000000000004,-1.9693757115882533,0.6754631805511506,0.,1.3946142497838512,-0.7373937155412458,0.,-25.35037749047194,70.81883778112946,-27.86737207498608,-0.6867102076982528,0.011195466877491645,0.6846328930471903
2.45,-1.8608525442095065,0.6377647021345036,0.,2.931833034015427,-0.7702312540473074,0.,-12.804693827310743,71.30341080817696,-14.71973158993925,-0.7149120749074453,0.01887825180958734,0.7389855024868379
2.5000000000000004,-1.6781430581529029,0.5984721441039561,0.,4.352168887114971,-0.801143615546934,0.,-8.594417483803166,69.71555712560968,-10.430195759595277,-0.7362108155485211,0.023784146019821463,0.7747614347632652
2.5500000000000003,-1.428531304054398,0.5576837173914166,0.,5.598997500748349,-0.8300535352352224,0.,-6.463502031510198,66.64116429214732,-8.4327008741716,-0.7464792638381605,0.029580533529301182,0.804187282985869
2.6,-1.1219685148544576,0.5155013718214642,0.,6.62261175268523,-0.8568887533689473,0.,-5.02578507447582,61.25838138948145,-7.372446431702793,-0.7352582621498904,0.0380179276112902,0.8283580812602185
2.6500000000000004,-0.770676381543656,0.47203054128988226,0.,7.382203372902459,-0.8815821958782861,0.,-3.6146043933680554,51.45352798818793,-6.810007294827158,-0.6724533955386985,0.051504446624183894,0.8460251923792985
2.7,-0.3886598129106696,0.4273798802338298,0.,7.847489840531932,-0.9040721420170612,0.,-1.41661811536575,32.43058187894576,-6.571803408007844,-0.46619911109682216,0.07229063352496654,0.8559599558924198
2.7500000000000004,0.008851395976105124,0.3816609920523313,0.,7.999921652405628,-0.9243023786324637,0.,2.310305617965433,-0.5663978748915274,-6.590669846465354,0.02775222045581821,0.0881717615086589,0.8738714315163195
2.8000000000000003,0.40600972763750426,0.33498815015590466,0.,7.833421833210536,-0.9422223406686583,0.,5.407043123919581,-33.186577950639254,-6.858720362925193,0.5269674072851228,0.07556543601568748,0.914448500296383
2.85,0.7869817326957818,0.2874780123425444,0.,7.354628205317406,-0.9577872375530904,0.,6.8780988830106695,-51.790089349358006,-7.4198248547932995,0.7568442442177138,0.05691536571002053,0.9445384628473966
2.9000000000000004,1.13657925953595,0.23924932921398198,0.,6.582628759749663,-0.9709581651495907,0.,8.042455766488345,-61.37482702863162,-8.390800992380328,0.8529563373797753,0.04470672008063019,0.9630152701674561
2.95,1.4408649579816775,0.19042264736102704,0.,5.548200678216979,-0.9817022029984541,0.,9.661575659991401,-66.6198761100467,-10.034096540730552,0.9001672172786135,0.03734299868406487,0.9755024896680239
3.0000000000000004,1.687707917464986,0.14112000805986677,0.,4.292583344003468,-0.9899924966004455,0.,12.476087958651712,-69.54979741824563,-12.986966532413744,0.9264535603379529,0.03285880223593894,0.983793527618748
3.0500000000000003,1.8672672881492758,0.09146464223243675,0.,2.8658342578946163,-0.9958083245390612,0.,18.338003966364592,-70.83114045865,-19.161107054920894,0.9415697120554236,0.030144962986434747,0.9871828671882956
3.1,1.9723846045577274,0.04158066243329049,0.,1.3248334035864753,-0.9991351502732795,0.,35.17242137304922,-68.72727337456536,-37.022104237425864,0.9493089592669156,0.02829078346290114,0.9723571663055514
3.1500000000000004,1.9988691710020094,-0.008407247367149063,0.,-0.2689843777691078,-0.999964658471342,0.,67.42295697221475,40.26087826775389,-105.05583222121795,0.9511536969445731,-0.019105511059308775,-0.6741481251332944
3.2,1.9456651313948707,-0.058374143427580086,0.,-1.8520786008123116,-0.9982947757947531,0.,27.01052253626267,70.30350873022412,-151.67474742043532,0.9474147200700895,-0.028814161133305143,-0.9827409182615545
3.2500000000000004,1.814893562900391,-0.10819513453010882,0.,-3.36133629461314,-0.9941296760805461,0.,15.789483072866954,70.59140308043398,-163.52419046661,0.9374439024562005,-0.03080976084715323,-0.9867983456528312
3.3000000000000003,1.6117679152808995,-0.15774569414324865,0.,-4.736588117657796,-0.9874797699088649,0.,11.325016230370137,68.75970323684858,-168.2237052525153,0.9191798276219503,-0.034016857268585755,-0.9814582304617653
3.35,1.3443861671069361,-0.20690197167339974,0.,-5.923007119619589,-0.9783616785819341,0.,9.029042479354063,65.17914520777758,-170.6205812923874,0.8874555693559865,-0.039280048351139144,-0.9718073382002891
3.4000000000000004,1.023407984906295,-0.25554110202683167,0.,-6.873294518851974,-0.9667981925794609,0.,7.6295322437472235,58.79621534165852,-171.99329990101623,0.828558111042078,-0.047949945688696,-0.9576480782856772
3.45,0.6616297558980939,-0.30354151270842933,0.,-7.549565355552838,-0.9528182145943047,0.,6.4731240257191045,46.878819776294186,-172.8068253850176,0.7016672306316087,-0.06224178848818004,-0.9361257228872325
3.5000000000000004,0.27347443641566366,-0.3507832276896203,0.,-7.924858845558965,-0.9364566872907962,0.,4.603456096970364,23.71124533887581,-173.26078199736506,0.39078621884081577,-0.08162990602560753,-0.9007442290638963
3.5500000000000003,-0.12558344584816708,-0.3971481672859602,0.,-7.984213221730893,-0.9177545059662758,0.,0.944861564852636,-11.767595874839579,-173.4428491821274,-0.16788362589821207,-0.0850332234731325,-0.8646017865778485
3.6,-0.5196347124275117,-0.44252044329485246,0.,-7.725262212394219,-0.896758416334147,0.,-2.3135820573050454,-40.29564844403589,-173.3786663150409,-0.5619554693805763,-0.0641729658812445,-0.8532424446604749
3.6500000000000004,-0.8929697828245344,-0.48678664865569976,0.,-7.158329377124027,-0.8735208976839377,0.,-4.127267228499258,-55.46656340275087,-173.04267408213192,-0.7030086957202251,-0.0458708140572016,-0.8409513024589764
3.7,-1.2307049659094416,-0.5298361409084934,0.,-6.30601653900253,-0.848100031710408,0.,-5.475931739582047,-63.418799155851474,-172.34021748360482,-0.7426657557952488,-0.03447157377876112,-0.8208572530746637
3.7500000000000004,-1.5193758257176448,-0.5715613187423442,0.,-5.202302721256924,-0.8205593573395604,0.,-7.061511373363857,-67.87324091683223,-171.03658115147323,-0.7447551008725236,-0.027170218303291905,-0.794868980108131
3.8000000000000003,-1.747473966022162,-0.6118578909427193,0.,-3.891189510830385,-0.7909677119144165,0.,-9.654763406377393,-70.39969577875014,-168.50995071303075,-0.7300647338428959,-0.02188678627176474,-0.763608459871386
3.85,-1.9059058337743606,-0.6506251370651673,0.,-2.424946853965618,-0.7593990591375079,0.,-15.371664694523114,-71.50366490678351,-162.61147282080816,-0.7061493644173341,-0.01677018928324464,-0.7244213646892838
3.9000000000000004,-1.9883552503676307,-0.6877661591839741,0.,-0.8620292183955384,-0.7259323042001399,0.,-36.84596067439622,-68.42019159533746,-139.89858836775625,-0.6760885029964658,-0.004004098549641672,-0.6439369147457039
3.95,-1.991535217746577,-0.7231881240865121,0.,0.7352548018214531,-0.6906510965605075,0.,-42.0714186999306,66.67676446462146,-43.20831725116558,-0.6411560389531744,0.03962301951531563,0.7078346775972738
4.,-1.9153189606467693,-0.7568024953079282,0.,2.3032265333205224,-0.6536436208636119,0.,-16.414898744167978,71.49126800215193,-15.843664126120613,-0.601679876507103,0.02651860244068641,0.654099436857963
4.05,-1.7627449807244693,-0.788525254426195,0.,3.7793758911877293,-0.6150023765255744,0.,-10.236977076339468,70.52392318126687,-9.24249641312465,-0.557211479000638,0.0244341076430653,0.6081339616121774
4.1,-1.5398959210841434,-0.8182771110644103,0.,5.104853458783579,-0.5748239465332692,0.,-7.7340741736984056,68.11119905350154,-6.424638007086632,-0.5062002377686542,0.024663130078249645,0.5632393585868033
4.1499999999999995,-1.2556560704927775,-0.8459837010754461,0.,6.22681662827437,-0.5332087560371551,0.,-6.563740992956644,63.83282123708382,-4.894357325448825,-0.4447998886604888,0.026546063447675298,0.5176790388909964
4.2,-0.9213571748227251,-0.8715757724135882,0.,7.100536268652037,-0.4902608213406994,0.,-6.105141388467484,56.21374587572319,-3.949753163611993,-0.36327217575612325,0.030445234798838698,0.47214500582239155
4.25,-0.5503266761031939,-0.8949893582285835,0.,7.6911799350364545,-0.4460874899137928,0.,-6.100488419127344,41.72329538294956,-3.3194293243130057,-0.2358448325641532,0.036975034684847384,0.432978128485955
4.3,-0.1573563894636803,-0.9161659367494549,0.,7.975200528332769,-0.40079917207997545,0.,-5.8832516485916955,14.138239901142429,-2.877018224679987,-0.016919574504917313,0.04309862828067154,0.4215221339750554
4.35,0.2418871998569483,-0.9350525775584491,0.,7.941275043765065,-0.35450906504813195,0.,-4.128391341190869,-21.741130112674135,-2.5560626471905414,0.2110243111349772,0.03659643051196091,0.4193180135625283
4.3999999999999995,0.6314875098384799,-0.9516020738895158,0.,7.590755983345001,-0.3073328699784202,0.,-2.202059898532901,-45.95999022302063,-2.318512675377397,0.2826750241568418,0.023892290017133628,0.3712421421360263
4.45,0.9959124055768309,-0.9657730606206388,0.,6.9376174358846505,-0.2593885027896261,0.,-1.131009673616607,-58.4479048171637,-2.141217384156488,0.2689536954244241,0.015352998435343157,0.3113040828067278
4.5,1.3206334164881603,-0.977530117665097,0.,6.007897974173409,-0.2107957994307797,0.,-0.5800394004737516,-65.14048775870886,-2.009481058470834,0.2307846305492137,0.010217861842159125,0.2538361744021186
4.55,1.5927049405838463,-0.9868438585032365,0.,4.838662579250273,-0.1616762163536865,0.,-0.2837169500526986,-68.97906738894183,-1.913735380566711,0.1854326677891111,0.00691048554959546,0.1990730017596012
4.6,1.801280344769537,-0.9936910036334644,0.,3.476524976575174,-0.11215252693505487,0.,-0.12022705227095162,-71.23045111885557,-1.847718266556442,0.13778094180059014,0.004576416577031745,0.14609967338449562
4.6499999999999995,1.938044385878098,-0.9980544387588793,0.,1.9757892938929946,-0.06234851460699254,0.,-0.034385275990007305,-72.46988612672313,-1.8074405506504594,0.08952434422742682,0.0027671399516785104,0.09436641267060858
4.7,1.9975447131744204,-0.9999232575641008,0.,0.39628512702693935,-0.01238866346289056,0.,-0.0013142949158564056,-72.96093012354225,-1.7905971719378209,0.0414664068609016,0.001220725176630262,0.04364885646258727
4.75,1.9774092363733384,-0.999292788975378,0.,-1.1990176773036187,0.03760215288797655,0.,0.012240407110944004,72.79777042673155,178.20374726765021,-0.005797511495111067,0.00024497085282833395,0.006056379378343002
4.8,1.8784406933937416,-0.9961646088358407,0.,-2.746519430559163,0.0874989834394464,0.,0.07001109680177456,71.94974789687511,178.1752805517697,-0.051575970320055585,0.0017918366752356142,0.054574738747261334
4.85,1.7045846477309288,-0.9905465359667133,0.,-4.184526121261571,0.1371771121009073,0.,0.19051471603054607,70.24726597281327,178.12240247356974,-0.09477917653596352,0.0036104096870760776,0.10153595629923383
4.9,1.4627721912909935,-0.9824526126243325,0.,-5.455708960545085,0.18651236942257576,0.,0.41119116825063856,67.29704230447852,178.04201224065946,-0.13331469693605438,0.005986679325669184,0.1462896493380557
4.95,1.1626436236288713,-0.9719030694018208,0.,-6.509389900056843,0.23538144295445118,0.,0.8140562255822034,62.24814064671308,177.92907016409794,-0.1624455159058011,0.00942875025308678,0.1877672345997987
5.,0.8161641236267839,-0.9589242746631385,0.,-7.303562005821021,0.28366218546322625,0.,1.5815730187136956,53.17076268189847,177.77581387532246,-0.16956768625547716,0.014909215015120669,0.2247275146240382
5.05,0.4371467355705253,-0.9435486686359066,0.,-7.806564142135804,0.3312339202367537,0.,3.067179842812556,35.646157266710006,177.57038710070518,-0.11774973684457529,0.023853176659500177,0.26068673882481447
5.1,0.04070168666336596,-0.9258146823277325,0.,-7.9983432011413536,0.37797774271298024,0.,5.199636669161903,4.051898060393669,177.29438595808296,0.06132981261405808,0.03356996703334164,0.32644387470525477
5.15,-0.3573660100494691,-0.9057666414687044,0.,-7.871253556948929,0.4237768176794282,0.,6.1118188320077325,-30.012539193353977,176.91825402359297,0.28326693031774497,0.03266541222806906,0.42172076874905035
5.2,-0.7411866516752829,-0.8834546557201531,0.,-7.430361872617923,0.4685166713003771,0.,6.064456697414623,-50.242031517988956,176.39202813726314,0.40894470102423525,0.02652953968022261,0.48369068381184666
5.25,-1.0954585204485368,-0.858934493426592,0.,-6.6932451082884485,0.5120854772418407,0.,6.2653274056640855,-60.62610177982225,175.62494888448117,0.4806759049907812,0.021971414578503146,0.5275750832593383
5.3,-1.4060579149307721,-0.8322674422239013,0.,-5.68928978324786,0.5543743361791608,0.,7.042100529303162,-66.2859556263737,174.434569156809,0.5333406570000641,0.019060061610174543,0.5665063193500567
5.35,-1.6606022174170505,-0.8035201558521559,0.,-4.458520428141291,0.5952775479886061,0.,8.755966284188306,-69.51312072306891,172.39515276802615,0.5780316146091605,0.017030661599976973,0.6028730115152976
5.4,-1.8489435498282434,-0.7727644875559871,0.,-3.050003933239521,0.6346928759426347,0.,12.568435060579889,-71.21086171011686,168.24475760500812,0.6182426483856951,0.015038286356968031,0.6353237523273197
5.45,-1.9635733375865534,-0.7400773104888944,0.,-1.519893406363502,0.6725218022484659,0.,24.00037457706075,-70.98111736258232,156.1315881510881,0.6550876513852195,0.010389282399345176,0.6531553228156338
5.5,-1.9999216527892743,-0.7055403255703919,0.,0.07081047432323101,0.70866977429126,0.,71.64394466960947,21.617337212964244,84.2939299302946,0.6887574999404478,-0.0715443896206533,-0.465315800274816
5.55,-1.956539402813015,-0.669239857276262,0.,1.6586913648540702,0.7430464409664099,0.,21.80550629466913,71.23352166757206,24.131019091565413,0.7188970543794236,-0.030624892538646916,-0.7756521639670462
5.6,-1.8351561010637225,-0.6312666378723216,0.,3.1804454649714633,0.7755658785102496,0.,11.821929905630908,71.13225967480442,13.704367471854892,0.7445409679408267,-0.029219945122809118,-0.8006123128168476
5.65,-1.640610916734978,-0.5917155806310094,0.,4.575405240876511,0.8061468052647157,0.,8.14796711461529,69.31409453042592,9.99246283029715,0.7636033281891089,-0.031684319527171066,-0.8288211228546783
5.7,-1.380659752403145,-0.5506855425976376,0.,5.78795804835396,0.8347127848391598,0.,6.193939088475983,65.9338663571069,8.206354730168414,0.7713431077209371,-0.03689713782067767,-0.8575302544305602
5.75,-1.065666040666795,-0.5082790774992583,0.,6.769763233401365,0.8611924171615208,0.,4.803796341730525,60.006414446422774,7.249748117793366,0.7555835550157087,-0.04589501521613802,-0.8865355070862977
5.8,-0.7081875867927179,-0.46460217941375737,0.,7.481679321556311,0.8855195169413189,0.,3.329321732430734,49.084050333686854,6.750033342279728,0.680232564343008,-0.06111731274114561,-0.91673318761863
5.85,-0.3224759286483777,-0.41976401783985967,0.,7.89532446496519,0.9076332790984132,0.,0.8904587488292267,27.831290157634143,6.557839777766501,0.43597816832997077,-0.08386126535358669,-0.9472460577443327
5.9,0.07609182713954096,-0.373876664830236,0.,7.994207937093021,0.9274784307440359,0.,-2.968001494216307,-6.786685221759666,6.617800888336824,-0.09990941922658919,-0.09557958329198905,-0.9614743256841941
5.95,0.4716260419010452,-0.32705481486974064,0.,7.7743875659509065,0.9450053693342275,0.,-5.729472854084611,-37.24748906707292,6.9305124874239405,-0.5650949856874661,-0.07762768634934422,-0.9599536509828569
6.,0.848358014673994,-0.27941549819892586,0.,7.24462689605299,0.960170286650366,0.,-7.0682982205423635,-53.85976347581108,7.549724972006013,-0.770018798223921,-0.058129717097010605,-0.9660557701259844
6.05,1.1912686305504172,-0.23107778829939224,0.,6.426045813551638,0.9729352782968974,0.,-8.266888358089195,-62.481667956275295,8.609476861152851,-0.8585548281827603,-0.04588504285689232,-0.975646927428576
6.1,1.486687125392346,-0.18216250427209588,0.,5.351278563024194,0.9832684384425845,0.,-10.023585833876352,-67.24306222152775,10.411652701200868,-0.9034092763338156,-0.038527918114158455,-0.9844995567556338
6.15,1.7228360960574056,-0.13279190885251674,0.,4.063172723124977,0.991143939568469,0.,-13.161723766579954,-69.87850749321912,13.708640678213646,-0.928718498570973,-0.0340517053800301,-0.9908948943122865
6.2,1.8903010282963422,-0.0830894028174964,0.,2.613081008837778,0.9965420970232175,0.,-19.963606217912528,-70.85557661612604,20.87518574489857,-0.9431692327569858,-0.03133950978439609,-0.9924986426830159
6.25,1.9824056237269472,-0.03317921654755682,0.,1.0588140007821842,0.9994494182244994,0.,-41.03829200233796,-66.96023233390657,43.347928977356204,-0.9502119139574999,-0.029122582792966846,-0.9653086170071735
6.3,1.9954779627822608,0.016813900484349713,0.,-0.5376645802037994,0.9998586363834151,0.,-57.37361690035541,57.02718776683005,118.26872381271563,-0.9511695301504586,0.02659069397545318,0.8798668878435745
6.35,1.9289968925562992,0.06676499152155546,0.,-2.1127081710757554,0.9977687286676841,0.,-24.134490865582077,70.63287647198875,154.7200385719357,-0.9462046514622284,0.030748403912882444,0.9904423268732653
6.4,1.7856128035258194,0.11654920485049364,0.,-3.6035247542031144,0.9931849187581926,0.,-14.776581335701483,70.39359040262664,164.59100265703694,-0.9344276800912293,0.033016879374689626,0.9921699258031997
6.45,1.5710419668458135,0.1660421058649572,0.,-4.950680176960314,0.9861186637925126,0.,-10.838413706820344,68.294903285946,168.73478055767188,-0.9132754094924554,0.0367824976718351,0.9869309239766411
6.5,1.2938386446572807,0.21511998808781552,0.,-6.1004676038368215,0.9765876257280235,0.,-8.75087441913209,64.34857047052137,170.90502704191795,-0.876375686414804,0.04298922731914316,0.978732272738105
6.55,0.9650540586502095,0.2636601823727784,0.,-7.007048638487115,0.9646156271962181,0.,-7.435666861712687,57.29244632371495,172.16172334252164,-0.8066844362278937,0.05328605907527265,0.9691047873472165
6.6,0.5977958127289432,0.31154136351337786,0.,-7.6342807559415755,0.9502325919585296,0.,-6.2472697215672905,43.96749503348501,172.90493199093063,-0.6534056382879267,0.07023932534458568,0.9611192802160077
6.65,0.20670533420794174,0.35864385349280037,0.,-7.957158191022705,0.9334744701125118,0.,-4.108883547585889,18.31018532523232,173.30906855922132,-0.28474537023363083,0.09145406650695209,0.9608432272185045
6.7,-0.19262583369152117,0.4048499206165983,0.,-7.962808839292473,0.9143831482353194,0.,-0.28201349597261094,-17.59646685101144,173.449318863439,0.28833047615593843,0.09045779644797303,0.955031244859002
6.75,-0.5842776174676724,0.4500440737806176,0.,-7.651007427236024,0.8930063446890767,0.,2.6932676505053945,-43.615842299161464,173.34270239325568,0.6276595243958203,0.06758606786149005,0.9269878840622873
6.8,-0.9526360964300304,0.49411335113860816,0.,-7.034184493205794,0.8693974903498253,0.,4.363661777538462,-57.16747862277589,172.95419957585202,0.740643386778654,0.04976279350735197,0.8962311662321573
6.85,-1.283015980444766,0.536947602448011,0.,-6.136930821084241,0.8436155950581596,0.,5.709572126593431,-64.35183331213914,172.17286965235365,0.7698217360847961,0.039097064645803155,0.8669678807650916
6.9,-1.5622460661102286,0.5784397643882001,0.,-4.995017083331131,0.8157251001253568,0.,7.397906501223675,-68.40823663398312,170.72502841670038,0.7678084918540595,0.032849091218606255,0.8382043194414595
6.95,-1.7791943310724168,0.618486128163024,0.,-3.6539677771535426,0.785795717263661,0.,10.292543167469173,-70.68495081627522,167.8632325669502,0.7517242452361634,0.02952388119048617,0.8097124434894019
7.,-1.9252117326271332,0.6569865987187891,0.,-2.1672463064629524,0.7539022543433046,0.,17.087432138086005,-71.51183564447183,160.81916537317312,0.7279269144411236,0.02924272653163261,0.7830516820991156
7.05,-1.9944770177589475,0.6938449449297637,0.,-0.5941235646748905,0.7201244284117941,0.,46.38499847768507,-64.81863066088,129.5236212314392,0.699117582620505,0.042054853513143274,0.7599553044191085
7.1,-1.9842287981289013,0.7289690401258759,0.,1.002685008771433,0.6845466664428066,0.,33.83086942911153,69.20747914200172,34.32188392862251,0.6665419459284819,-0.005368500503186122,-0.6424493376384824
7.15,-1.8948756379135152,0.7622710923614112,0.,2.559519695073585,0.6472578943127236,0.,14.856607138515852,71.45087120723242,14.191581075009644,0.6307302935010922,-0.01387115548614075,-0.6441046941199082
7.2,-1.7299797656403773,0.7936678638491531,0.,4.0143144081645925,0.6083513145322546,0.,9.666104975861879,70.21858976023746,8.617348418186479,0.5916856916483871,-0.01616515658284665,-0.6140980315013936
7.25,-1.4961150593780008,0.8230808790115055,0.,5.30907107370374,0.5679241732886948,0.,7.47018627979949,67.54717125418486,6.10584881368206,0.5486794202372298,-0.01803013752593832,-0.5786994447648907
7.3,-1.2026049669623096,0.8504366206285644,0.,6.39217182927691,0.5260775173811053,0.,6.44523021262696,62.846773015667424,4.704855169128463,0.499290217750998,-0.020509102147143257,-0.5406435248568068
7.35,-0.86115080955326,0.8756667135928823,0.,7.220436865681483,0.4829159416559378,0.,6.079756362908454,54.40152253316461,3.826347355662149,0.4359743131880328,-0.024343056310122537,-0.4990414468193695
7.4,-0.48536528688584035,0.8987080958116269,0.,7.760845869657483,0.43854732757439036,0.,6.114989799897367,38.1672476816872,3.234211597848709,0.3342209633846065,-0.030025738882565038,-0.4456372655709659
7.45,-0.0902297818890227,0.9195031758289707,0.,7.9918544395755955,0.39308257356494075,0.,5.7072193318335644,8.111548387733714,2.81584671059141,0.1410420416338065,-0.033876927823759645,-0.35887186247268377
7.5,0.3085028997751681,0.9379999767747389,0.,7.904252992742895,0.3466353178350258,0.,3.7529248721799187,-26.90269113441308,2.5110561855235587,-0.07537394008824477,-0.026752622681350636,-0.27634884948873467
7.55,0.6949365443625198,0.9541522662795148,0.,7.501533922402249,0.2993216543347071,0.,1.9681761728915694,-48.68236954269955,2.284969289802614,-0.16220101692349,-0.016895018478818195,-0.23598755720245032
7.6,1.0536652619252183,0.9679196720314863,0.,6.799752367034625,0.2512598425822557,0.,1.0117184213681316,-59.866146045341324,2.116192026979592,-0.16831068966532534,-0.010558047502081913,-0.2004010208383781
7.65,1.3703876705279738,0.9792677826862,0.,5.826886142652747,0.20257001207694433,0.,0.5169786702970262,-65.93778040811493,1.9910693421445456,-0.14431990894910246,-0.006668308044174972,-0.16029634219792438
7.7,1.6324770472151406,0.9881682338770004,0.,4.621720355565854,0.15337386203786435,0.,0.24898934574713197,-69.44734462475317,1.9006886088237436,-0.10812394016130722,-0.004067208658502136,-0.11647416577405177
7.75,1.8294847156090626,0.9945987791111761,0.,3.23230116258452,0.10379435721925297,0.,0.10130570219881214,-71.49969644802425,1.839227066272291,-0.06613778776534127,-0.002139605377012795,-0.07014665505163133
7.8,1.953556601664522,0.998543345374605,0.,1.7140203223671016,0.05395542056264975,0.,0.025532218478448644,-72.60052804779545,1.8030109277940316,-0.021047708886679645,-0.0005518810108620974,-0.022086129627748217
7.85,1.9997463508159656,0.9999920733059188,0.,0.1274069008008144,0.003981623454079739,0.,0.00013559689688405138,-72.97858828361737,1.7899815046018632,0.025822170063706688,0.0009049724882005676,0.027258323082836503
7.9,1.966212523524906,0.998941341839772,0.,-1.464285831844704,-0.04600212563953695,0.,-0.018431929698942102,72.70572512066995,-178.20058285389516,0.0736902523109147,-0.0023944745623758175,-0.07765301984840157
7.95,1.8542920076633278,0.9953937772576199,0.,-2.997602109195696,-0.09587089337649782,0.,-0.08520894616043943,71.73042403751357,-178.16816054268895,0.12195791872691031,-0.0040853620058632165,-0.12904135690445012
8.,1.6684467210130205,0.9893582466233818,0.,-4.411413449933525,-0.14550003380861354,0.,-0.21912654685324598,69.85397817587017,-178.11091910939686,0.16993503838889235,-0.006204070991916942,-0.1815666811743578
8.05,1.4160857286840114,0.9808498356203995,0.,-5.649355657442675,-0.19476549993116135,0.,-0.46291445161613154,66.62878394545521,-178.02546984597103,0.21634786133474335,-0.009120262345242698,-0.23565811420951696
8.1,1.1072698670693097,0.9698898108450863,0.,-6.662075882462238,-0.2435441537357911,0.,-0.910304562685454,61.082586451822976,-177.90638214011335,0.25783520136970584,-0.01351986027917239,-0.29213363238846507
8.15,0.7543106500466673,0.9565055666515091,0.,-7.409200165444228,-0.2917140739914265,0.,-1.7694460425606546,50.989033782702435,-177.7453224973953,0.28316274830142196,-0.020720562823379415,-0.3516176898371765
8.2,0.3712794477715826,0.9407305566797731,0.,-7.860943018913116,-0.3391548609838345,0.,-3.4093149347729232,31.372534896974148,-177.52954596616325,0.2506799972751558,-0.03233192129984792,-0.40736242681618323
8.25,-0.026553494446118958,0.9226042102393402,0.,-7.9992948808581374,-0.3857479374522218,0.,-5.48643023397512,-2.220116485289529,-177.23917908568694,0.06912810385964788,-0.042791588460547536,-0.42442601809191866
8.3,-0.423327832634651,0.9021718337562933,0.,-7.818740099138069,-0.43137684497062084,0.,-6.121185424784118,-34.4121813090044,-176.84206922420452,-0.17579532257229538,-0.03944263933588255,-0.4248297420224602
8.35,-0.8032254260242522,0.8794844975308649,0.,-7.326476823126552,-0.47592753503330965,0.,-6.067101899284607,-52.491238456603284,-176.28329133199028,-0.3286364409411799,-0.03219546750402537,-0.45796200158470174
8.4,-1.1511009564026864,0.8545989080882805,0.,-6.542130036211534,-0.5192886541166856,0.,-6.349666053297915,-61.81999139401135,-175.4616010000306,-0.4211053193781206,-0.027447889585074787,-0.5026468875796625
8.45,-1.4530857241584592,0.827577266441984,0.,-5.496969169637954,-0.5613518220050715,0.,-7.2488096315341926,-66.96214416081078,-174.16915414498146,-0.48755247661112167,-0.02494873916919342,-0.5484120902582355
8.5,-1.6971405495692105,0.7984871126234903,0.,-4.232661488960191,-0.6020119026848236,0.,-9.193765368284861,-69.89412494935812,-171.90510862800414,-0.5413754104408428,-0.024144942561594537,-0.5934597902456156
8.55,-1.8735357369053391,0.7674011568674872,0.,-2.7996109516532974,-0.6411672671296018,0.,-13.641019406415296,-71.35746156418908,-167.10056852570963,-0.5877497445888529,-0.025216545550688422,-0.6386663435504005
8.6,-1.9752389666949546,0.7343970978741133,0.,-1.25494876038728,-0.6787200473200125,0.,-28.279912695885177,-70.35232520069792,-151.59393162373584,-0.6287784837091005,-0.031485856839465295,-0.6892478098703019
8.65,-1.9981956521094522,0.699557428602668,0.,0.33974427773561217,-0.7145763808626919,0.,-58.68207451644541,55.68796274646357,-64.5713183524263,-0.6652068211225547,-0.017988275713491594,0.4984296281371383
8.7,-1.9414905825453648,0.6629692300821833,0.,1.9208927836301959,-0.7486466455973987,0.,-19.103614714720578,71.43797413585402,-21.292797680531557,-0.6969565735445383,0.014437354211112795,0.7076303195953547
8.75,-1.8073844101830134,0.6247239537541924,0.,3.425461355969208,-0.7808456836057491,0.,-10.98226642492799,70.92064879410295,-12.841346698720871,-0.7231141303231916,0.02016890075591946,0.7519773553735197
8.8,-1.6012235249179871,0.5849171928917617,0.,4.793467593714122,-0.811093014061656,0.,-7.745287126571815,68.87025781472843,-9.603935303943766,-0.7413561096863928,0.02507446697106065,0.7852433757443475
8.85,-1.331226910667519,0.5436484436660883,0.,5.9703734051593305,-0.8393130343914837,0.,-5.939454998466935,65.15752101473278,-8.002181154130053,-0.7461056393725471,0.03143171036920003,0.8129277109202488
8.9,-1.0081584804181698,0.5010208564578846,0.,6.909259269543648,-0.8654352092411123,0.,-4.5800421723102245,58.62023725741497,-7.1395316828899,-0.7226586447206617,0.04106140044976595,0.8351353410911174
8.95,-0.6448979529826178,0.4571409780351558,0.,7.572694770279684,-0.8893942467775813,0.,-3.0178103165650194,46.42845565117391,-6.698560088826303,-0.6269830905303893,0.05663223880076014,0.8501231131556516
9.,-0.25592737925480935,0.4121184852417566,0.,7.934230827544926,-0.9111302618846769,0.,-0.31121646759502825,22.778028870681894,-6.550886235415947,-0.3336557199961447,0.07831596208478275,0.8592315875648425
9.05,0.14324621145834088,0.366065910862411,0.,7.979454139629183,-0.9305889258445285,0.,3.5813369162405593,-12.842248651946099,-6.6519641223994945,0.22369909042646416,0.08509812724591029,0.8867425976466242
9.1,0.5367090277601935,0.3190983623493521,0.,7.706561795790087,-0.9477216021311119,0.,6.010753191280044,-40.88384261982179,-7.010801529824752,0.6288953391715787,0.06746009679526563,0.9263657951797366
9.15,0.9087749488085383,0.27133323411363275,0.,7.126433152614891,-0.9624854679762374,0.,7.256291621608673,-55.71297928970065,-7.691740312504668,0.7981412188634875,0.05114290514362449,0.9516661116830814
9.2,1.2446108804530618,0.22288991410024764,0.,6.262196108405235,-0.9748436214041636,0.,8.506827522216387,-63.48455548023264,-8.848284186313473,0.8724389119558492,0.04103223798379466,0.9677379441317866
9.25,1.5308281038906868,0.17388948538043356,0.,5.148305066855996,-0.9847651734673236,0.,10.422164426415176,-67.80856747845738,-10.828705635567266,0.9108364673279934,0.03492178440600803,0.9787388711578855
9.3,1.7560160416336206,0.1244544235070617,0.,3.82916734870732,-0.9922253254526034,0.,13.939140577768452,-70.16386144305683,-14.527139387161206,0.9327031786978738,0.03119715345965442,0.9856166353343194
9.35,1.9111971612256788,0.07470829038953478,0.,2.357372812002061,-0.997205430865212,0.,21.909826975752683,-70.79503343243225,-22.92911934440845,0.9450714160809153,0.02894931355095119,0.9862219768293708
9.4,1.9901848811310776,0.024775425453357765,0.,0.7915972604023164,-0.9996930420352065,0.,48.569446057480626,-63.60726533884926,-51.62639876002497,0.9507336643720804,0.02650579695213394,0.9344991296156396
9.45,1.9898302102173473,-0.02521936514365872,0.,-0.8057367759400043,-0.9996819412301848,0.,48.12532890801276,63.84912443337438,-128.8685756621292,0.9507118228579837,-0.026356257706511878,-0.9364520703173583
9.5,1.9101472880945898,-0.0751511204618093,0.,-2.3709486296750826,-0.9971721561963784,0.,21.797599833144712,70.80076705030339,-157.18938073225135,0.9450017336672949,-0.02886494992236205,-0.9862726922163882
9.55,1.7543128214138362,-0.12489503711675232,0.,-3.841638243506072,-0.9921699600893009,0.,13.895504175673077,70.149878771116,-165.51880731296822,0.9325703740053884,-0.03112675214119953,-0.9855757946495969
9.6,1.5285394385975606,-0.17432678122297965,0.,-5.159173863558939,-0.984687855794127,0.,10.400110784737794,67.78006731327471,-169.19439788274568,0.9106023220279826,-0.034849473118637495,-0.9786591656921674
9.65,1.2418280119495233,-0.2233227991637839,0.,-6.271029502386344,-0.9747445446749893,0.,8.493722088932227,63.43399792589239,-171.16486658918308,0.8720048772614297,-0.040950449848558675,-0.9676206131244686
9.700000000000001,0.9056088212799616,-0.2717606264109442,0.,-7.132878984331551,-0.9623648798313097,0.,7.246354880139578,55.62006685430571,-172.31607877016472,0.7972219313624023,-0.05104393760976751,-0.9514917531588772
9.75,0.5332858647198745,-0.31951919362227366,0.,-7.710363090272702,-0.9475798039779932,0.,5.9967784951427765,40.701860523845255,-172.99365852412572,0.6266150508071373,-0.0673132560712866,-0.9260764730330143
9.8,0.1397024836142546,-0.3664791292519284,0.,-7.980459351262441,-0.9304262721047533,0.,3.5503042990579416,12.528718086480525,-173.35001835658514,0.2187650224528125,-0.08472872451404312,-0.886371946909227
9.85,-0.2594503946563713,-0.4125230579170927,0.,-7.9323998817131285,-0.9109471591078876,0.,-0.3430858704147058,-23.056016908996295,-173.44892017999555,-0.3376854008150624,-0.07766457429765074,-0.859124258231626
9.9,-0.6482598044351272,-0.45753589377532133,0.,-7.568100661015265,-0.8891911526253609,0.,-3.035013694047214,-46.57647186197024,-173.2989272523588,-0.6284679060568106,-0.05607921300486012,-0.8500273374602182
9.950000000000001,-1.0112251415131635,-0.5014051281791989,0.,-6.902085149485401,-0.8652126313430711,0.,-4.5919545152585854,-58.697089547972084,-172.85494316688911,-0.7231272240941756,-0.04064533647165854,-0.8349663959747097
10.,-1.3338761233045238,-0.5440211108893698,0.,-5.960905283834791,-0.8390715290764524,0.,-5.952569852843525,-65.20037024435652,-171.98754967121482,-0.746207624352229,-0.031098400228436553,-0.8127044759219973
