0.1,0.9950041652780258,0.09983341664682815,0.9950041652780258,-0.09983341664682815,0.9950041652780258,-0.09983341664682815,-6.479426575293515,2.4081439985250116e-16,95.72957795130824,-0.11033215151759401,0.020462789778968954,0.19740031851526507
0.15000000000000002,0.9887710779360422,0.14943813247359924,0.9887710779360422,-0.14943813247359924,0.9887710779360422,-0.14943813247359924,-6.474881949205379,3.6096607063507074e-16,98.59436692696235,-0.10748137409020107,0.030279270885245506,0.29363519782435443
0.2,0.9800665778412416,0.19866933079506122,0.9800665778412416,-0.19866933079506122,0.9800665778412416,-0.19866933079506122,-6.468545995634162,-7.212196576162017e-16,101.45915590261647,-0.10353587830100852,0.03979028775925266,0.38693924742792707
0.25,0.9689124217106447,0.24740395925452294,0.9689124217106447,-0.24740395925452294,0.9689124217106447,-0.24740395925452294,-6.460444978139901,-2.4010290565514643e-16,104.32394487827058,-0.09854069511020433,0.04890091762268296,0.4763810763954997
0.30000000000000004,0.955336489125606,0.2955202066613396,0.955336489125606,-0.2955202066613396,0.955336489125606,-0.2955202066613396,-6.450612298114283,-2.3973436468616116e-16,107.1887338539247,-0.09255267567729614,0.057520266290407344,0.5610677587277412
0.35,0.9393727128473789,0.34289780745545134,0.9393727128473789,-0.34289780745545134,0.9393727128473789,-0.34289780745545134,-6.439088228032766,2.3930244653409057e-16,110.05352282957882,-0.08563973058154453,0.06556237497764252,0.6401537312839287
0.4,0.9210609940028851,0.3894183423086505,0.9210609940028851,-0.3894183423086505,0.9210609940028851,-0.3894183423086505,-6.425919593839935,4.776178293848353e-16,112.91831180523293,-0.07787992765242768,0.07294707752856038,0.7128492230009518
0.45000000000000007,0.9004471023526769,0.4349655341112303,0.9004471023526769,-0.4349655341112303,0.9004471023526769,-0.4349655341112303,-6.411159411190465,4.76511530866429e-16,115.78310078088705,-0.0693604639426831,0.07960079951776708,0.7784281317148855
0.5,0.8775825618903728,0.479425538604203,0.8775825618903728,-0.479425538604203,0.8775825618903728,-0.479425538604203,-6.394866480848224,-4.7529042489892345e-16,118.64788975654116,-0.060176529261246385,0.08545729125934401,0.8362352702403699
0.55,0.8525245220595057,0.5226872289306592,0.8525245220595057,-0.5226872289306592,0.8525245220595057,-0.5226872289306592,-6.377104949004191,4.739593403457765e-16,121.5126787321953,-0.0504300801574784,0.09045828742080271,0.8856929094818019
0.6,0.8253356149096783,0.5646424733950354,0.8253356149096783,-0.5646424733950354,0.8253356149096783,-0.5646424733950354,-6.3579438386038385,0.,124.3774677078494,-0.040228544289485794,0.09455408667471786,0.9263065531899858
0.65,0.7960837985490559,0.6051864057360395,0.7960837985490559,-0.6051864057360395,0.7960837985490559,-0.6051864057360395,-6.337456557973702,0.,127.24225668350351,-0.0296834757098457,0.09770404562159583,0.9576698864772476
0.7000000000000001,0.7648421872844884,0.6442176872376911,0.7648421872844884,-0.6442176872376911,0.7648421872844884,-0.6442176872376911,-6.315720393106576,0.,130.10704565915762,-0.01890918176672459,0.09987698207569236,0.9794688482947321
0.75,0.7316888688738209,0.6816387600233341,0.7316888688738209,-0.6816387600233341,0.7316888688738209,-0.6816387600233341,-6.292815989910126,-4.676438108446372e-16,132.97183463481176,-0.008021342064687924,0.1010514837124248,0.9914847866825494
0.8,0.6967067093471654,0.7173560908995228,0.6967067093471654,-0.7173560908995228,0.6967067093471654,-0.7173560908995228,-6.268826832553229,9.316934959437229e-16,135.8366236104659,0.002864360714068448,0.10121611902265117,0.9935966646451889
0.85,0.6599831458849822,0.7512804051402927,0.6599831458849822,-0.7512804051402927,0.6599831458849822,-0.7512804051402927,-6.24383872376898,0.,138.70141258611997,0.013633579322975336,0.10036954849594683,0.9857822938941534
0.9,0.6216099682706644,0.7833269096274834,0.6216099682706644,-0.7833269096274834,0.6216099682706644,-0.7833269096274834,-6.217939272606399,-1.3861056984802186e-15,141.5662015617741,0.024174592296311203,0.09852053495233039,0.9681185833453064
0.9500000000000001,0.5816830894638835,0.8134155047893737,0.5816830894638835,-0.8134155047893737,0.5816830894638835,-0.8134155047893737,-6.191217394679312,9.200680810697052e-16,144.43099053742822,0.03437953018292819,0.09568785294970293,0.9407807990642862
1.,0.5403023058681398,0.8414709848078965,0.5403023058681398,-0.8414709848078965,0.5403023058681398,-0.8414709848078965,-6.163762829456352,4.579781884210075e-16,147.29577951308232,0.044145523487028965,0.09190009820250036,0.904040842221001
1.05,0.49757104789172696,0.867423225594017,0.49757104789172696,-0.867423225594017,0.49757104789172696,-0.867423225594017,-6.135665678586727,9.117488770120797e-16,150.16056848873646,0.053375760044801,0.08719539894564438,0.8582645614434709
1.1,0.4535961214255773,0.8912073600614354,0.4535961214255773,-0.8912073600614354,0.4535961214255773,-0.8912073600614354,-6.107015968678161,-4.537295445798257e-16,153.02535746439057,0.06198044157032113,0.0816210321568396,0.8039081256513351
1.1500000000000001,0.40848744088415717,0.9127639402605211,0.40848744088415717,-0.9127639402605211,0.40848744088415717,-0.9127639402605211,-6.0779032413514145,9.031004427861683e-16,155.8901464400447,0.06987763115161158,0.07523294849983073,0.741513492900048
1.2000000000000002,0.3623577544766734,0.9320390859672264,0.3623577544766734,-0.9320390859672264,0.3623577544766734,-0.9320390859672264,-6.048416172804128,-4.493431161046871e-16,158.75493541569878,0.07699398552038578,0.06809521076192739,0.6717030198799614
1.2500000000000002,0.31532236239526845,0.9489846193555863,0.31532236239526845,-0.9489846193555863,0.31532236239526845,-0.9489846193555863,-6.018642224537935,8.942295642122946e-16,161.61972439135292,0.08326536791409285,0.06027935142183674,0.5951732653949088
1.3000000000000003,0.2674988286245871,0.9635581854171931,0.2674988286245871,-0.9635581854171931,0.2674988286245871,-0.9635581854171931,-5.988667326347897,-4.448716553026981e-16,164.48451336700705,0.08863733925925965,0.05186365579001645,0.5126880493016636
1.35,0.2190066870930415,0.9757233578266591,0.2190066870930415,-0.9757233578266591,0.2190066870930415,-0.9757233578266591,-5.958575592151373,-2.2131001644536225e-16,167.34930234266116,0.09306552719989244,0.042932377905329694,0.4250708359391191
1.4000000000000001,0.16996714290024081,0.9854497299884603,0.16996714290024081,-0.9854497299884603,0.16996714290024081,-0.9854497299884603,-5.928449068751754,8.807321092696367e-16,170.21409131831527,0.09651587414924997,0.03357489704136874,0.3331965179349566
1.4500000000000002,0.1205027693673664,0.9927129910375885,0.1205027693673664,-0.9927129910375885,0.1205027693673664,-0.9927129910375885,-5.898367517196425,-2.190578433074009e-16,173.0788802939694,0.0989647670393325,0.023884823266741437,0.2379826823759125
1.5000000000000002,0.07073720166770268,0.9974949866040544,0.07073720166770268,-0.9974949866040544,0.07073720166770268,-0.9974949866040544,-5.868408226001585,8.717494147679098e-16,175.9436692696235,0.10039905276769112,0.013959061010005916,0.14038044660153903
1.5500000000000003,0.020794827803092206,0.999783764189357,0.020794827803092206,-0.999783764189357,0.020794827803092206,-0.999783764189357,-5.838645855180971,-3.658910876335185e-16,178.80845824527762,0.10081594448896627,0.0038968399967675405,0.0413649552754483
1.6,-0.029199522301288815,0.9995736030415051,-0.029199522301288815,-0.9995736030415051,-0.029199522301288815,-0.9995736030415051,-5.809152309731847,1.078607562513853e-15,-178.32675277906827,0.10022282486727602,-0.006201276750431211,-0.058074366143529337
1.6500000000000001,-0.07912088880673408,0.9968650284539189,-0.07912088880673408,-0.9968650284539189,-0.07912088880673408,-0.9968650284539189,-5.7799966409986965,-2.682892804314161e-16,-175.46196380341416,0.09863695319792652,-0.016234397932578686,-0.15694370390099313
1.7000000000000002,-0.12884449429552486,0.9916648104524686,-0.12884449429552486,-0.9916648104524686,-0.12884449429552486,-0.9916648104524686,-5.751244974151372,1.0677827560198834e-15,-172.59717482776006,0.09608508392932828,-0.026102311971091943,-0.25425479526892814
1.7500000000000002,-0.1782460556494923,0.9839859468739368,-0.1782460556494923,-0.9839859468739368,-0.1782460556494923,-0.9839859468739368,-5.7229604598770365,-2.1249924844675796e-16,-169.73238585210592,0.09260300457786312,-0.03570648791050951,-0.3490348150253729
1.8000000000000003,-0.2272020946930873,0.9738476308781951,-0.2272020946930873,-0.9738476308781951,-0.2272020946930873,-0.9738476308781951,-5.695203248290626,1.0573087924320154e-15,-166.8675968764518,0.08823500134143217,-0.04495105923025078,-0.4403361099194131
1.85,-0.27559024682451294,0.9612752029752999,-0.27559024682451294,-0.9612752029752999,-0.27559024682451294,-0.9612752029752999,-5.668030483013071,8.417848426540028e-16,-164.0028079007977,0.08303326089482267,-0.053743780742459876,-0.5272456834442555
1.9000000000000001,-0.3232895668635036,0.9463000876874145,-0.3232895668635036,-0.9463000876874145,-0.3232895668635036,-0.9463000876874145,-5.641496313345711,-2.0945462180425393e-16,-161.1380189251436,0.07705721690617721,-0.061996949024779424,-0.6088943357236489
1.9500000000000002,-0.3701808313512871,0.9289597150038692,-0.3701808313512871,-0.9289597150038692,-0.3701808313512871,-0.9289597150038692,-5.61565192247892,8.339555895037575e-16,-158.27322994948946,0.07037284976356534,-0.06962827720405342,-0.6844653667609878
2.,-0.4161468365471424,0.9092974268256817,-0.4161468365471424,-0.9092974268256817,-0.4161468365471424,-0.9092974268256817,-5.590545569708707,8.302033326525632e-16,-155.40844097383535,0.06305194785878052,-0.0765617153657534,-0.7532027556706301
2.0500000000000003,-0.46107269137671314,0.8873623686333753,-0.46107269137671314,-0.8873623686333753,-0.46107269137671314,-0.8873623686333753,-5.566222644692445,8.265684695613856e-16,-152.54365199818122,0.05517133855654277,-0.08272820840973706,-0.8144187337623972
2.1,-0.5048461045998576,0.8632093666488737,-0.5048461045998576,-0.8632093666488737,-0.5048461045998576,-0.8632093666488737,-5.542725731850061,8.230573328779195e-16,-149.6788630225271,0.04681209669512832,-0.08806638380031065,-0.867500675429144
2.1500000000000004,-0.5473576654802714,0.8368987907984975,-0.5473576654802714,-0.8368987907984975,-0.5473576654802714,-0.8368987907984975,-5.520094683106121,8.196758462176644e-16,-146.814074046873,0.038058738132052974,-0.09252316236118548,-0.9119172376318252
2.2,-0.5885011172553458,0.8084964038195901,-0.5885011172553458,-0.8084964038195901,-0.5885011172553458,-0.8084964038195901,-5.498366697267567,1.6328590727071496e-15,-143.94928507121887,0.028998405477733344,-0.09605428603674365,-0.9472236863168528
2.25,-0.6281736227227391,0.7780731968879212,-0.6281736227227391,-0.7780731968879212,-0.6281736227227391,-0.7780731968879212,-5.477576404438699,8.13323546137402e-16,-141.0844960955648,0.019720052761797283,-0.09862475737235316,-0.9730663562604766
2.3000000000000003,-0.6662760212798244,0.74570521217672,-0.6662760212798244,-0.74570521217672,-0.6662760212798244,-0.74570521217672,-5.457755953985936,1.215543971894827e-15,-138.21970711991065,0.01031363536046729,-0.10020918634995786,-0.9891861995316078
2.35,-0.7027130767735539,0.7114733527908443,-0.7027130767735539,-0.7114733527908443,-0.7027130767735539,-0.7114733527908443,-5.438935104678127,1.2113268860013785e-15,-135.35491814425654,0.000869311087495891,-0.1007920411419864,-0.9954213869102689
2.4000000000000004,-0.7373937155412458,0.6754631805511506,-0.7373937155412458,-0.6754631805511506,-0.7373937155412458,-0.6754631805511506,-5.421141315741177,8.048934470447214e-16,-132.4901291686024,-0.008523342077404563,-0.10036780030749537,-0.9917089361013628
2.45,-0.7702312540473074,0.6377647021345036,-0.7702312540473074,-0.6377647021345036,-0.7702312540473074,-0.6377647021345036,-5.40439983767694,-1.2035894409578572e-15,-129.62534019294833,-0.017776086573902467,-0.09894100493978016,-0.9780853503470787
2.5000000000000004,-0.801143615546934,0.5984721441039561,-0.801143615546934,-0.5984721441039561,-0.801143615546934,-0.5984721441039561,-5.388733801804514,8.000532261567519e-16,-126.76055121729416,-0.026802759528483055,-0.09652621027459979,-0.9546862609677876
2.5500000000000003,-0.8300535352352224,0.5576837173914166,-0.8300535352352224,-0.5576837173914166,-0.8300535352352224,-0.5576837173914166,-5.374164307585691,7.97877369333653e-16,-123.89576224164007,-0.03551997647740499,-0.09314783727268289,-0.9217450773511062
2.6,-0.8568887533689473,0.5155013718214642,-0.8568887533689473,-0.5155013718214642,-0.8568887533689473,-0.5155013718214642,-5.360710506895096,3.97934113175768e-16,-121.03097326598595,-0.04384780070889244,-0.08883992568925998,-0.8795906578615992
2.6500000000000004,-0.8815821958782861,0.47203054128988226,-0.8815821958782861,-0.47203054128988226,-0.8815821958782861,-0.47203054128988226,-5.34838968448847,3.9701417800455327e-16,-118.16618429033184,-0.05171037476170628,-0.08364579112704325,-0.8286440249597284
2.7,-0.9040721420170612,0.4273798802338298,-0.9040721420170612,-0.4273798802338298,-0.9040721420170612,-0.4273798802338298,-5.337217334009588,1.5847201024134989e-15,-115.30139531467772,-0.05903651097254166,-0.07761758952750877,-0.7694141573997157
2.7500000000000004,-0.9243023786324637,0.3816609920523313,-0.9243023786324637,-0.3816609920523313,-0.9243023786324637,-0.3816609920523313,-5.327207228957072,0.,-112.4366063390236,-0.06576023830122749,-0.0708157934789717,-0.7024929016261682
2.8000000000000003,-0.9422223406686583,0.33498815015590466,-0.9422223406686583,-0.33498815015590466,-0.9422223406686583,-0.33498815015590466,-5.318371488107111,-3.9477302189415685e-16,-109.57181736336949,-0.07182130298039513,-0.06330858559956475,-0.6285490533160871
2.85,-0.9577872375530904,0.2874780123425444,-0.9577872375530904,-0.2874780123425444,-0.9577872375530904,-0.2874780123425444,-5.310720634956723,-3.9420184482559675e-16,-106.70702838771538,-0.0771656208355541,-0.05517117508005309,-0.5483216683279725
2.9000000000000004,-0.9709581651495907,0.23924932921398198,-0.9709581651495907,-0.23924932921398198,-0.9709581651495907,-0.23924932921398198,-5.304263650815285,-3.9371980749177775e-16,-103.84223941206126,-0.08174567940317098,-0.04648504423721221,-0.462612670040127
2.95,-0.9817022029984541,0.19042264736102704,-0.9817022029984541,-0.19042264736102704,-0.9817022029984541,-0.19042264736102704,-5.299008021229727,-3.9332746308883535e-16,-100.97745043640715,-0.08552088823956847,-0.037337132625617185,-0.37227882710880167
3.0000000000000004,-0.9899924966004455,0.14112000805986677,-0.9899924966004455,-0.14112000805986677,-0.9899924966004455,-0.14112000805986677,-5.294959775481665,-2.9476894283898714e-16,-98.11266146075302,-0.08845787606367164,-0.027818966877203543,-0.27822318198312695
3.0500000000000003,-0.9958083245390612,0.09146464223243675,-0.9958083245390612,-0.09146464223243675,-0.9958083245390612,-0.09146464223243675,-5.292123518943423,-2.9461014736933223e-16,-95.24787248509891,-0.09053073361350045,-0.01802574497767918,-0.18138601601496387
3.1,-0.9991351502732795,0.04158066243329049,-0.9991351502732795,-0.04158066243329049,-0.9991351502732795,-0.04158066243329049,-5.290502458124694,-1.9634625904174251e-16,-92.3830835094448,-0.0917212013216881,-0.008055384141414329,-0.08273544164284369
3.1500000000000004,-0.999964658471342,-0.008407247367149063,-0.999964658471342,0.008407247367149063,-0.999964658471342,0.008407247367149063,-5.290098418283574,-2.0860187700733382e-16,-89.51829453379067,-0.09201880113118106,0.001992458192665232,0.0167422841360785
3.2,-0.9982947757947531,-0.058374143427580086,-0.9982947757947531,0.058374143427580086,-0.9982947757947531,0.058374143427580086,-5.290911853515129,-2.4545192454776796e-16,-86.65350555813657,-0.09142091198074678,0.012017380456001363,0.11605262800109187
3.2500000000000004,-0.9941296760805461,-0.10819513453010882,-0.9941296760805461,0.10819513453010882,-0.9941296760805461,0.10819513453010882,-5.292941849268481,-1.9643730909968755e-16,-83.78871658248244,-0.08993278869315376,0.021919240180167103,0.2142027314254651
3.3000000000000003,-0.9874797699088649,-0.15774569414324865,-0.9874797699088649,0.15774569414324865,-0.9874797699088649,0.15774569414324865,-5.296186117280309,-2.948376033423038e-16,-80.92392760682833,-0.08756752419912225,0.03159915433720319,0.31021134502190445
3.35,-0.9783616785819341,-0.20690197167339974,-0.9783616785819341,0.20690197167339974,-0.9783616785819341,0.20690197167339974,-5.300640982949199,-1.967246832935479e-16,-78.05913863117422,-0.08434595522962815,0.04096048679813775,0.40311864662938723
3.4000000000000004,-0.9667981925794609,-0.25554110202683167,-0.9667981925794609,0.25554110202683167,-0.9667981925794609,0.25554110202683167,-5.306301365212447,-1.9693596459379312e-16,-75.19434965552009,-0.08029651181014374,0.0499098130489794,0.49199584481895986
3.45,-0.9528182145943047,-0.30354151270842933,-0.9528182145943047,0.30354151270842933,-0.9528182145943047,0.30354151270842933,-5.313160749025179,-1.9719200541905042e-16,-72.32956067986599,-0.07545501109516042,0.05835785253362844,0.5759544716449237
3.5000000000000004,-0.9364566872907962,-0.3507832276896203,-0.9364566872907962,0.3507832276896203,-0.9364566872907962,0.3507832276896203,-5.321211150581879,-3.949850214833572e-16,-69.46477170421186,-0.0698643962920783,0.06622035931944037,0.6541552715798243
3.5500000000000003,-0.9177545059662758,-0.3971481672859602,-0.9177545059662758,0.3971481672859602,-0.9177545059662758,0.3971481672859602,-5.330443075463291,0.,-66.59998272855775,-0.0635744216424153,0.07341896220031219,0.7258165976157627
3.6,-0.896758416334147,-0.44252044329485246,-0.896758416334147,0.44252044329485246,-0.896758416334147,0.44252044329485246,-5.34084546993762,-3.964509069223253e-16,-63.73519375290365,-0.05664128465734488,0.07988194585994066,0.7902222304505189
3.6500000000000004,-0.8735208976839377,-0.48678664865569976,-0.8735208976839377,0.48678664865569976,-0.8735208976839377,0.48678664865569976,-5.352405665695088,0.,-60.87040477724951,-0.049127207045771115,0.08554496530920595,0.8467285424553972
3.7,-0.848100031710408,-0.5298361409084934,-0.848100031710408,0.5298361409084934,-0.848100031710408,0.5298361409084934,-5.3651093183492495,-7.965251195341178e-16,-58.00561580159541,-0.04109996602827449,0.09035168648055149,0.8947709346850655
3.7500000000000004,-0.8205593573395604,-0.5715613187423442,-0.8205593573395604,0.5715613187423442,-0.8205593573395604,0.5715613187423442,-5.378940340097945,0.,-55.14082682594127,-0.032632378000913745,0.09425434660203959,0.9338694824723299
3.8000000000000003,-0.7909677119144165,-0.6118578909427193,-0.7909677119144165,0.6118578909427193,-0.7909677119144165,0.6118578909427193,-5.3938808270017065,-4.0041096249533705e-16,-52.276037850287175,-0.02380173680040149,0.09721422877706043,0.9636337330800758
3.85,-0.7593990591375079,-0.6506251370651673,-0.7593990591375079,0.6506251370651673,-0.7593990591375079,0.6506251370651673,-5.40991098140802,0.,-49.41124887463307,-0.014689209127629752,0.09920204605441224,0.9837666073793482
3.9000000000000004,-0.7259323042001399,-0.6877661591839741,-0.7259323042001399,0.6877661591839741,-0.7259323042001399,0.6877661591839741,-5.4270090301267135,0.,-46.54645989897893,-0.005379190010609569,0.10019823117905727,0.9940673665017554
3.95,-0.6906510965605075,-0.7231881240865121,-0.6906510965605075,0.7231881240865121,-0.6906510965605075,0.7231881240865121,-5.445151139044519,4.042398833257422e-16,-43.68167092332482,0.004041378469145122,0.10019312915723261,0.994433613786358
4.,-0.6536436208636119,-0.7568024953079282,-0.6536436208636119,0.7568024953079282,-0.6536436208636119,0.7568024953079282,-5.464311324955963,4.0567095350571617e-16,-40.81688194767072,0.01348372160115538,0.09918709074132036,0.984862312012166
4.05,-0.6150023765255744,-0.788525254426195,-0.6150023765255744,0.788525254426195,-0.6150023765255744,0.788525254426195,-5.48446136548267,4.071760545002768e-16,-37.95209297201661,0.022857975656404794,0.09719046593024193,0.965449805780509
4.1,-0.5748239465332692,-0.8182771110644103,-0.5748239465332692,0.8182771110644103,-0.5748239465332692,0.8182771110644103,-5.505570708053609,0.,-35.08730399636251,0.03207395632296149,0.09422349758024035,0.9363908488879772
4.1499999999999995,-0.5332087560371551,-0.8459837010754461,-0.5332087560371551,0.8459837010754461,-0.5332087560371551,0.8459837010754461,-5.5276063790241485,4.103991001640266e-16,-32.2225150207084,0.04104194719646467,0.09031611621876341,0.8979766465103487
4.2,-0.4902608213406994,-0.8715757724135882,-0.4902608213406994,0.8715757724135882,-0.4902608213406994,0.8715757724135882,-5.550532894121001,4.121119618746623e-16,-29.357726045054243,0.0496735031347152,0.08550763814079826,0.8505919319007325
4.25,-0.4460874899137928,-0.8949893582285835,-0.4460874899137928,0.8949893582285835,-0.4460874899137928,0.8949893582285835,-5.574312171512221,4.1388867501465856e-16,-26.49293706940014,0.05788226285851349,0.07984636983257648,0.7947111069918305
4.3,-0.40079917207997545,-0.9161659367494549,-0.40079917207997545,0.9161659367494549,-0.40079917207997545,0.9161659367494549,-5.598903448914663,0.,-23.62814809374603,0.06558476475231917,0.07338912270242903,0.7308934856852752
4.35,-0.35450906504813195,-0.9350525775584491,-0.35450906504813195,0.9350525775584491,-0.35450906504813195,0.9350525775584491,-5.624263206263929,-2.0881066470664416e-16,-20.763359118091923,0.07270125939456025,0.06620064299339819,0.6597776876158465
4.3999999999999995,-0.3073328699784202,-0.9516020738895158,-0.3073328699784202,0.9516020738895158,-0.3073328699784202,0.9516020738895158,-5.6503450955818755,0.,-17.89857014243782,0.07915651193602037,0.058352962598071226,0.582075238704109
4.45,-0.2593885027896261,-0.9657730606206388,-0.2593885027896261,0.9657730606206388,-0.2593885027896261,0.9657730606206388,-5.677099879781213,0.,-15.033781166783662,0.08488058705438076,0.04992467728456554,0.4985634427715128
4.5,-0.2107957994307797,-0.977530117665097,-0.2107957994307797,0.977530117665097,-0.2107957994307797,0.977530117665097,-5.704475382243052,-2.1180831475584685e-16,-12.168992191129558,0.08980960885366576,0.04100015956579662,0.4100775958066017
4.55,-0.1616762163536865,-0.9868438585032365,-0.1616762163536865,0.9868438585032365,-0.1616762163536865,0.9868438585032365,-5.73241644908814,0.,-9.304203215475452,0.0938864877602006,0.031668714094898735,0.3175026210653944
4.6,-0.11215252693505487,-0.9936910036334644,-0.11215252693505487,0.9936910036334644,-0.11215252693505487,0.9936910036334644,-5.760864926132024,0.,-6.439414239821344,0.09706160620402207,0.022023684041469357,0.22176420899623212
4.6499999999999995,-0.06234851460699254,-0.9980544387588793,-0.06234851460699254,0.9980544387588793,-0.06234851460699254,0.9980544387588793,-5.789759652565126,0.,-3.5746252641672385,0.09929345467980494,0.012161517390469442,0.12381955093996772
4.7,-0.01238866346289056,-0.9999232575641008,-0.01238866346289056,0.9999232575641008,-0.01238866346289056,0.9999232575641008,-5.819036473425959,-1.3505693289657952e-17,-0.7098362885130818,0.10054920966837454,0.0021808025033076103,0.0246477596197053
4.75,0.03760215288797655,-0.999292788975378,0.03760215288797655,0.999292788975378,0.03760215288797655,0.999292788975378,-5.848628272935784,0.,2.1549526871410243,0.1008052448834465,-0.007818717415088609,-0.07475992744151362
4.8,0.0874989834394464,-0.9961646088358407,0.0874989834394464,0.9961646088358407,0.0874989834394464,0.9961646088358407,-5.87846503073077,0.,5.019741662795131,0.10004756740325926,-0.017737141091570943,-0.17341006328388042
4.85,0.1371771121009073,-0.9905465359667133,0.1371771121009073,0.9905465359667133,0.1371771121009073,0.9905465359667133,-5.908473902959799,-1.0971792675087306e-16,7.8845306384492355,0.09827217046795625,-0.027475407241421626,-0.2703169262044848
4.9,0.18651236942257576,-0.9824526126243325,0.18651236942257576,0.9824526126243325,0.18651236942257576,0.9824526126243325,-5.9385793301072125,0.,10.749319614103396,0.09548529508497738,-0.03693628393552257,-0.3645123741779822
4.95,0.23538144295445118,-0.9719030694018208,0.23538144295445118,0.9719030694018208,0.23538144295445118,0.9719030694018208,-5.968703173247407,-2.2168890217586616e-16,13.6141085897575,0.09170359309916844,-0.046025339396986324,-0.4550555202552551
5.,0.28366218546322625,-0.9589242746631385,0.28366218546322625,0.9589242746631385,0.28366218546322625,0.9589242746631385,-5.998764880238004,0.,16.478897565411604,0.08695418506278565,-0.054651884534664484,-0.5410421320447165
5.05,0.3312339202367537,-0.9435486686359066,0.3312339202367537,0.9435486686359066,0.3312339202367537,0.9435486686359066,-6.0286816831086565,0.,19.34368654106571,0.08127460709156185,-0.06272987780618033,-0.6216136612144688
5.1,0.37797774271298024,-0.9258146823277325,0.37797774271298024,0.9258146823277325,0.37797774271298024,0.9258146823277325,-6.058368827601322,0.,22.20847551671982,0.0747126419217491,-0.070178783382268,-0.695965812737851
5.15,0.4237768176794282,-0.9057666414687044,0.4237768176794282,0.9057666414687044,0.4237768176794282,0.9057666414687044,-6.087739835464993,4.522865436139421e-16,25.073264492373976,0.06732603059093348,-0.07692437405340354,-0.763356568300381
5.2,0.4685166713003771,-0.8834546557201531,0.4685166713003771,0.8834546557201531,0.4685166713003771,0.8834546557201531,-6.116706799704225,0.,27.938053468028084,0.05918206254915303,-0.08289947087428297,-0.8231135838438062
5.25,0.5120854772418407,-0.858934493426592,0.5120854772418407,0.858934493426592,0.5120854772418407,0.858934493426592,-6.145180712528898,-4.565868435689856e-16,30.80284244368219,0.050357043557956414,-0.08804461217607008,-0.8746408875846615
5.3,0.5543743361791608,-0.8322674422239013,0.5543743361791608,0.8322674422239013,0.5543743361791608,0.8322674422239013,-6.1730718252567645,-4.586752405387959e-16,33.66763141933629,0.040935642439275666,-0.09230864528413615,-0.9174248119435909
5.35,0.5952775479886061,-0.8035201558521559,0.5952775479886061,0.8035201558521559,0.5952775479886061,0.8035201558521559,-6.2002900388863615,0.,36.532420394990396,0.031010119572949368,-0.09564923505316363,-0.9510391005832813
5.4,0.6346928759426347,-0.7727644875559871,0.6346928759426347,0.7727644875559871,0.6346928759426347,0.7727644875559871,-6.226745323493868,4.626947594754868e-16,39.39720937064456,0.020679441984704814,-0.0980332841642188,-0.975149140095542
5.45,0.6725218022484659,-0.7400773104888944,0.6725218022484659,0.7400773104888944,0.6725218022484659,0.7400773104888944,-6.252348164023047,0.,42.261998346298654,0.010048291882335796,-0.09943726101139122,-0.9895152747143924
5.5,0.70866977429126,-0.7055403255703919,0.70866977429126,0.7055403255703919,0.70866977429126,0.7055403255703919,-6.277010029444106,0.,45.12678732195276,-0.0007740224523852323,-0.09984743193000459,-0.9939951716695122
5.55,0.7430464409664099,-0.669239857276262,0.7430464409664099,0.669239857276262,0.7430464409664099,0.669239857276262,-6.300643861668391,-4.682302440487716e-16,47.991576297606876,-0.011674742469354172,-0.09925999547498379,-0.9885452143366789
5.6,0.7755658785102496,-0.6312666378723216,0.7755658785102496,0.6312666378723216,0.7755658785102496,0.6312666378723216,-6.323164580035485,-4.699175059837026e-16,50.85636527326098,-0.02253890892723013,-0.09768111743714827,-0.9732209100899225
5.65,0.8061468052647157,-0.5917155806310094,0.8061468052647157,0.5917155806310094,0.8061468052647157,0.5917155806310094,-6.3444895966533315,4.715153209046243e-16,53.72115424891514,-0.033250670448674136,-0.09512686627720415,-0.9481763096135236
5.7,0.8347127848391598,-0.5506855425976376,0.8347127848391598,0.5506855425976376,0.8347127848391598,0.5506855425976376,-6.364539337386136,-4.730177041192102e-16,56.58594322456924,-0.04369463455984481,-0.09162304965211299,-0.913662444290012
5.75,0.8611924171615208,-0.5082790774992583,0.8611924171615208,0.5082790774992583,0.8611924171615208,0.5082790774992583,-6.383237762865273,-4.744189351862142e-16,59.45073220022334,-0.05375724324082987,-0.08720495369638397,-0.8700247980431012
5.8,0.8855195169413189,-0.46460217941375737,0.8855195169413189,0.46460217941375737,0.8855195169413189,0.46460217941375737,-6.400512883560802,0.,62.31552117587745,-0.06332815380814884,-0.08191698769180482,-0.8176998395844925
5.85,0.9076332790984132,-0.41976401783985967,0.9076332790984132,0.41976401783985967,0.9076332790984132,0.41976401783985967,-6.4162972627095805,0.,65.18031015153156,-0.07230160506773989,-0.07581223770349327,-0.75721065029605
5.9,0.9274784307440359,-0.373876664830236,0.9274784307440359,0.373876664830236,0.9274784307440359,0.373876664830236,-6.43052850076344,-4.779632872327085e-16,68.04509912718572,-0.08057774815984527,-0.06895193366849843,-0.6891616918838435
5.95,0.9450053693342275,-0.32705481486974064,0.9450053693342275,0.32705481486974064,0.9450053693342275,0.32705481486974064,-6.443149695007189,-7.18364000007165e-16,70.90988810283982,-0.08806392140085156,-0.061404835286439995,-0.6142327663826813
6.,0.960170286650366,-0.27941549819892586,0.960170286650366,0.27941549819892586,0.960170286650366,0.27941549819892586,-6.454109868109147,-4.797309125627676e-16,73.77467707849392,-0.09467584873640024,-0.053246542871232226,-0.5331722289896382
6.05,0.9729352782968974,-0.23107778829939224,0.9729352782968974,0.23107778829939224,0.9729352782968974,0.23107778829939224,-6.463364359609891,-2.40212330428369e-16,76.63946605414803,-0.1003387421684004,-0.04455874007073708,-0.44678952148990453
6.1,0.9832684384425845,-0.18216250427209588,0.9832684384425845,0.18216250427209588,0.9832684384425845,0.18216250427209588,-6.4708751747285564,-4.809877158759262e-16,79.50425502980214,-0.1049882897066559,-0.035428376039758146,-0.3559471006419075
6.15,0.991143939568469,-0.13279190885251674,0.991143939568469,0.13279190885251674,0.991143939568469,0.13279190885251674,-6.476611285366162,-2.407088699254408e-16,82.3690440054563,-0.10857151201082439,-0.025946795254384394,-0.26155184175258916
6.2,0.9965420970232175,-0.0830894028174964,0.9965420970232175,0.0830894028174964,0.9965420970232175,0.0830894028174964,-6.480548878804171,-2.4085646924322397e-16,85.2338329811104,-0.11104747290381944,-0.016208823676309797,-0.16454600274674513
6.25,0.9994494182244994,-0.03317921654755682,0.9994494182244994,0.03317921654755682,0.9994494182244994,0.03317921654755682,-6.482671550322229,-2.710530425263896e-16,88.09862195676452,-0.1123878313136527,-0.006311820409218024,-0.06589783827297005
6.3,0.9998586363834151,0.016813900484349713,0.9998586363834151,-0.016813900484349713,0.9998586363834151,-0.016813900484349713,-6.482970436775916,-2.4094724164418857e-16,90.96341093241861,-0.1125772248848196,0.0036452956686637986,0.033408043242569435
6.35,0.9977687286676841,0.06676499152155546,0.9977687286676841,-0.06676499152155546,0.9977687286676841,-0.06676499152155546,-6.481444289064935,-1.8066752527976374e-16,93.82819990807273,-0.11161347842956815,0.013563034564580693,0.13238048421281776
6.4,0.9931849187581926,0.11654920485049364,0.9931849187581926,-0.11654920485049364,0.9931849187581926,-0.11654920485049364,-6.478099482363033,-1.2038232710021663e-16,96.69298888372688,-0.10950763349189474,0.0233423292426935,0.23003164724302874
6.45,0.9861186637925126,0.1660421058649572,0.9861186637925126,-0.1660421058649572,0.9861186637925126,-0.1660421058649572,-6.472949963949958,-2.4057162863446435e-16,99.55777785938098,-0.10628379849475615,0.03288552517468767,0.32538685166535986
6.5,0.9765876257280235,0.21511998808781552,0.9765876257280235,-0.21511998808781552,0.9765876257280235,-0.21511998808781552,-6.466017139458875,0.,102.4225668350351,-0.10197882215217677,0.04209735548540284,0.41749428001466216
6.55,0.9646156271962181,0.2636601823727784,0.9646156271962181,-0.2636601823727784,0.9646156271962181,-0.2636601823727784,-6.4573296993052685,-2.3998613961482647e-16,105.28735581068919,-0.09664179597056764,0.050885891956173754,0.5054344584535931
6.6,0.9502325919585296,0.31154136351337786,0.9502325919585296,-0.31154136351337786,0.9502325919585296,-0.31154136351337786,-6.44692338797226,0.,108.15214478634331,-0.0903333946580748,0.05916346239265096,0.588329417326976
6.65,0.9334744701125118,0.35864385349280037,0.9334744701125118,-0.35864385349280037,0.9334744701125118,-0.35864385349280037,-6.434840719670143,-4.782865126807457e-16,111.01693376199746,-0.08312506603292152,0.06684752520269975,0.6653514411025742
6.7,0.9143831482353194,0.4048499206165983,0.9143831482353194,-0.4048499206165983,0.9143831482353194,-0.4048499206165983,-6.421130644645405,0.,113.88172273765156,-0.07509808450528573,0.07386149246016065,0.7357313209128251
6.75,0.8930063446890767,0.4500440737806176,0.8930063446890767,-0.4500440737806176,0.8930063446890767,-0.4500440737806176,-6.405848171069665,1.4283403826461986e-15,116.74651171330568,-0.0663424843462226,0.08013549324746674,0.7987660277163456
6.8,0.8693974903498253,0.49411335113860816,0.8693974903498253,-0.49411335113860816,0.8693974903498253,-0.49411335113860816,-6.389053947979214,9.497096238920627e-16,119.61130068895979,-0.05695589070742556,0.08560706966914998,0.8538257297082003
6.85,0.8436155950581596,0.536947602448011,0.8436155950581596,-0.536947602448011,0.8436155950581596,-0.536947602448011,-6.370813815151266,4.734878923848765e-16,122.4760896646139,-0.04704226768618757,0.09022179860314053,0.9003600839755258
6.9,0.8157251001253568,0.5784397643882001,0.8157251001253568,-0.5784397643882001,0.8157251001253568,-0.5784397643882001,-6.351198326089163,1.4160540352601609e-15,125.34087864026804,-0.03671060362346483,0.09393383300068538,0.9379037394637658
6.95,0.785795717263661,0.618486128163024,0.785795717263661,-0.618486128163024,0.785795717263661,-0.618486128163024,-6.330282250443938,9.409015909271974e-16,128.20566761592215,-0.02607355427574636,0.09670635735124737,0.9660809960249758
7.,0.7539022543433046,0.6569865987187891,0.7539022543433046,-0.6569865987187891,0.7539022543433046,-0.6569865987187891,-6.308144062226823,1.4063764380572149e-15,131.07045659157626,-0.015246064522867938,0.09851195278782274,0.9846095725927116
7.05,0.7201244284117941,0.6938449449297637,0.7201244284117941,-0.6938449449297637,0.7201244284117941,-0.6938449449297637,-6.284865420072608,9.340964073460137e-16,133.93524556723037,-0.004343988885337153,0.09933286821213355,0.993303446290524
7.1,0.6845466664428066,0.7289690401258759,0.6845466664428066,-0.7289690401258759,0.6845466664428066,-0.7289690401258759,-6.2605306456066225,9.304506139421575e-16,136.80003454288448,0.006517269642029855,0.09916119475907456,0.9920747334497949
7.15,0.6472578943127236,0.7622710923614112,0.6472578943127236,-0.7622710923614112,0.6472578943127236,-0.7622710923614112,-6.235226205660395,1.3899898608471453e-15,139.6648235185386,0.017224084037785276,0.09799894188621318,0.9809345929987136
7.2,0.6083513145322546,0.7936678638491531,0.6083513145322546,-0.7936678638491531,0.6083513145322546,-0.7936678638491531,-6.20904020368665,-1.3841062861734752e-15,142.52961249419272,0.027665873975400605,0.09585801435740036,0.9599931423944988
7.25,0.5679241732886948,0.8230808790115055,0.5679241732886948,-0.8230808790115055,0.5679241732886948,-0.8230808790115055,-6.18206188525843,9.186968683716598e-16,145.39440146984683,0.037736307444969114,0.09276009037981814,0.9294583861087006
7.3,0.5260775173811053,0.8504366206285644,0.5260775173811053,-0.8504366206285644,0.5260775173811053,-0.8504366206285644,-6.154381162015814,9.145514388830932e-16,148.25919044550096,0.047334419719654984,0.088736402141176,0.8896341665414335
7.35,0.4829159416559378,0.8756667135928823,0.4829159416559378,-0.8756667135928823,0.4829159416559378,-0.8756667135928823,-6.126088157862794,9.103147612984831e-16,151.12397942115504,0.056365638059789745,0.08382742096840287,0.8409171570340281
7.4,0.43854732757439036,0.8987080958116269,0.43854732757439036,-0.8987080958116269,0.43854732757439036,-0.8987080958116269,-6.09727278063251,1.3590004853977073e-15,153.9887683968092,0.0647427025725107,0.07808245028134132,0.7837929262702849
7.45,0.39308257356494075,0.9195031758289707,0.39308257356494075,-0.9195031758289707,0.39308257356494075,-0.9195031758289707,-6.06802432184556,9.016215159638756e-16,156.8535573724633,0.0723864756961821,0.07155913043512202,0.7188311127045424
7.5,0.3466353178350258,0.9379999767747389,0.3466353178350258,-0.9379999767747389,0.3466353178350258,-0.9379999767747389,-6.038431086597442,8.971915752463047e-16,159.71834634811742,0.07922663481039309,0.06432286042390062,0.6466797566328237
7.55,0.2993216543347071,0.9541522662795148,0.2993216543347071,-0.9541522662795148,0.2993216543347071,-0.9541522662795148,-6.008580055039344,1.1159044178196855e-15,162.58313532377153,0.08520224444313529,0.05644614224770957,0.568058846037581
7.6,0.2512598425822557,0.9679196720314863,0.2512598425822557,-0.9679196720314863,0.2512598425822557,-0.9679196720314863,-5.97855657637171,1.3323452639949647e-15,165.44792429942564,0.09026220642176992,0.04800785451503873,0.4837531402976426
7.65,0.20257001207694433,0.9792677826862,0.20257001207694433,-0.9792677826862,0.20257001207694433,-0.9792677826862,-5.948444095760913,1.3255859893599737e-15,168.31271327507977,0.09436558806476472,0.039092462558737724,0.39460434317941173
7.7,0.15337386203786435,0.9881682338770004,0.15337386203786435,-0.9881682338770004,0.15337386203786435,-0.9881682338770004,-5.918323914122519,1.208923582737344e-15,171.1775022507339,0.09748183011445875,0.029789172974897946,0.30150270313615296
7.75,0.10379435721925297,0.9945987791111761,0.10379435721925297,-0.9945987791111761,0.10379435721925297,-0.9945987791111761,-5.888274980294791,1.0934018242594993e-15,174.04229122638802,0.09959083755107147,0.02019104104723382,0.20537812476995457
7.8,0.05395542056264975,0.998543345374605,0.05395542056264975,-0.998543345374605,0.05395542056264975,-0.998543345374605,-5.8583737147564845,1.087810429328426e-15,176.9070802020421,0.10068295769446922,0.010394039987647312,0.10719088029464956
7.85,0.003981623454079739,0.9999920733059188,0.003981623454079739,-0.9999920733059188,0.003981623454079739,-0.9999920733059188,-5.828693863724759,1.0754968985738828e-15,179.7718691776962,0.10075885108793538,0.0004961013024611206,0.007922013925374165
7.9,-0.04600212563953695,0.998941341839772,-0.04600212563953695,-0.998941341839772,-0.04600212563953695,-0.998941341839772,-5.799306382202671,-5.383834374057221e-17,-177.36334184664966,0.09982926156725709,-0.009403864120497344,-0.09143646473093602
7.95,-0.09587089337649782,0.9953937772576199,-0.09587089337649782,-0.9953937772576199,-0.09587089337649782,-0.9953937772576199,-5.770279344329549,-2.1426813369822252e-16,-174.49855287099552,0.09791469265289574,-0.019206954419023543,-0.1898915000327214
8.,-0.14550003380861354,0.9893582466233818,-0.14550003380861354,-0.9893582466233818,-0.14550003380861354,-0.9893582466233818,-5.74167787921974,-2.131989121144623e-16,-171.63376389534145,0.09504499797035311,-0.0288152647809907,-0.2864589229741832
8.05,-0.19476549993116135,0.9808498356203995,-0.19476549993116135,-0.9808498356203995,-0.19476549993116135,-0.9808498356203995,-5.713564130352706,0.,-168.7689749196873,0.09125889381431666,-0.038132865215988146,-0.3801732975573048
8.1,-0.2435441537357911,0.9698898108450863,-0.2435441537357911,-0.9698898108450863,-0.2435441537357911,-0.9698898108450863,-5.685997236496373,-2.1111768467246225e-16,-165.90418594403323,0.08660340223805185,-0.04706675830934783,-0.47009758208457664
8.15,-0.2917140739914265,0.9565055666515091,-0.2917140739914265,-0.9565055666515091,-0.2917140739914265,-0.9565055666515091,-5.659033332102262,0.,-163.03939696837907,0.08113323318452215,-0.05552780739662685,-0.5553325084209475
8.2,-0.3391548609838345,0.9407305566797731,-0.3391548609838345,-0.9407305566797731,-0.3391548609838345,-0.9407305566797731,-5.632725565100973,2.0912687661983284e-16,-160.17460799272502,0.07491011419440785,-0.06343162589492786,-0.6350255850826709
8.25,-0.3857479374522218,0.9226042102393402,-0.3857479374522218,-0.9226042102393402,-0.3857479374522218,-0.9226042102393402,-5.60712413004527,0.,-157.30981901707088,0.06800207614342846,-0.07069941891823205,-0.7083796337708339
8.3,-0.43137684497062084,0.9021718337562933,-0.43137684497062084,-0.9021718337562933,-0.43137684497062084,-0.9021718337562933,-5.5822763145916925,-4.144837629912229e-16,-154.44503004141671,0.060482703291960406,-0.0772587687832,-0.7746607736391773
8.35,-0.47592753503330965,0.8794844975308649,-0.47592753503330965,-0.8794844975308649,-0.47592753503330965,-0.8794844975308649,-5.558226557375296,-4.1268679258654794e-16,-151.58024106576266,0.05243035568816756,-0.08304435657491993,-0.8332057731221137
8.4,-0.5192886541166856,0.8545989080882805,-0.5192886541166856,-0.8545989080882805,-0.5192886541166856,-0.8545989080882805,-5.53501651541247,4.1095270395338013e-16,-148.7154520901085,0.043927371665353675,-0.08799861258313814,-0.8834286954924578
8.45,-0.5613518220050715,0.827577266441984,-0.5613518220050715,-0.827577266441984,-0.5613518220050715,-0.827577266441984,-5.512685139259661,4.092843914708461e-16,-145.85066311445445,0.03505925782762423,-0.09207228913220657,-0.9248267714050473
8.5,-0.6020119026848236,0.7984871126234903,-0.6020119026848236,-0.7984871126234903,-0.6020119026848236,-0.7984871126234903,-5.491268754258043,0.,-142.98587413880028,0.025913873536746738,-0.09522495010517734,-0.9569854394401052
8.55,-0.6411672671296018,0.7674011568674872,-0.6411672671296018,-0.7674011568674872,-0.6411672671296018,-0.7674011568674872,-5.470801146302665,-8.123113952278474e-16,-140.12108516314612,0.016580616507724966,-0.09742537229636176,-0.979582504010002
8.6,-0.6787200473200125,0.7343970978741133,-0.6787200473200125,-0.7343970978741133,-0.6787200473200125,-0.7343970978741133,-5.451313650686554,0.,-137.25629618749207,0.007149615700125672,-0.09865185460893797,-0.9923913688509536
8.65,-0.7145763808626919,0.699557428602668,-0.7145763808626919,-0.699557428602668,-0.7145763808626919,-0.699557428602668,-5.432835242683688,-4.033200598554925e-16,-134.3915072118379,-0.0022890627354261017,-0.09889243203597572,-0.9952833135973143
8.7,-0.7486466455973987,0.6629692300821833,-0.7486466455973987,-0.6629692300821833,-0.7486466455973987,-0.6629692300821833,-5.415392628647227,-4.020174073282293e-16,-131.52671823618385,-0.011646191124273866,-0.0981449923153542,-0.98822879053732
8.75,-0.7808456836057491,0.6247239537541924,-0.7808456836057491,-0.6247239537541924,-0.7808456836057491,-0.6247239537541924,-5.399010336509794,0.,-128.66192926052972,-0.020834132640019352,-0.09641729412194289,-0.9712977284785749
8.8,-0.811093014061656,0.5849171928917617,-0.811093014061656,-0.5849171928917617,-0.811093014061656,-0.5849171928917617,-5.383710804679268,0.,-125.79714028487554,-0.029767565887290372,-0.09372688664438056,-0.9446588406105839
8.85,-0.8393130343914837,0.5436484436660883,-0.8393130343914837,-0.5436484436660883,-0.8393130343914837,-0.5436484436660883,-5.369514468425708,-7.971829687831416e-16,-122.9323513092215,-0.038364177600697894,-0.09010093137898441,-0.908577943240164
8.9,-0.8654352092411123,0.5010208564578846,-0.8654352092411123,-0.5010208564578846,-0.8654352092411123,-0.5010208564578846,-5.356439842951799,0.,-120.06756233356732,-0.04654531975056103,-0.08557592794991171,-0.8634153021934994
8.95,-0.8893942467775813,0.4571409780351558,-0.8893942467775813,-0.4571409780351558,-0.8893942467775813,-0.4571409780351558,-5.344503602430279,0.,-117.20277335791329,-0.05423662771349722,-0.08019734672292884,-0.8096220334265661
9.,-0.9111302618846769,0.4121184852417566,-0.9111302618846769,-0.4121184852417566,-0.9111302618846769,-0.4121184852417566,-5.333720654376632,0.,-114.33798438225912,-0.06136859651507879,-0.07401917191043736,-0.7477355938659497
9.05,-0.9305889258445285,0.366065910862411,-0.9305889258445285,-0.366065910862411,-0.9305889258445285,-0.366065910862411,-5.32410420880418,-3.9520100943116967e-16,-111.47319540660496,-0.06787711248198612,-0.06710335975850418,-0.6783744076200726
9.1,-0.9477216021311119,0.3190983623493521,-0.9477216021311119,-0.3190983623493521,-0.9477216021311119,-0.3190983623493521,-5.315665841681278,-1.9728551465474385e-16,-108.60840643095091,-0.07370393795258831,-0.05951921725359681,-0.6022316813650734
9.15,-0.9624854679762374,0.27133323411363275,-0.9624854679762374,-0.27133323411363275,-0.9624854679762374,-0.27133323411363275,-5.308415552277101,0.,-105.74361745529674,-0.07879714698816893,-0.05134270757912352,-0.5200684708337138
9.2,-0.9748436214041636,0.22288991410024764,-0.9748436214041636,-0.22288991410024764,-0.9748436214041636,-0.22288991410024764,-5.30236181404372,0.,-102.8788284796427,-0.08311151030305508,-0.042655689281800406,-0.43270606783845633
9.25,-0.9847651734673236,0.17388948538043356,-0.9847651734673236,-0.17388948538043356,-0.9847651734673236,-0.17388948538043356,-5.297511618738124,-1.9660787727292175e-16,-100.01403950398854,-0.08660882789196203,-0.03354509676803484,-0.34101778406617456
9.3,-0.9922253254526034,0.1244544235070617,-0.9922253254526034,-0.1244544235070617,-0.9922253254526034,-0.1244544235070617,-5.293870513539343,-9.823598579996385e-17,-97.14925052833438,-0.0892582080784345,-0.024102070334387295,-0.2459202139243027
9.35,-0.997205430865212,0.07470829038953478,-0.997205430865212,-0.07470829038953478,-0.997205430865212,-0.07470829038953478,-5.291442630962978,-9.819067541222253e-17,-94.28446155268033,-0.0910362919411097,-0.014421044437886414,-0.1483640639356975
9.4,-0.9996930420352065,0.024775425453357765,-0.9996930420352065,-0.024775425453357765,-0.9996930420352065,-0.024775425453357765,-5.290230711419425,-9.81680580822675e-17,-91.41967257702616,-0.09192742229652252,-0.004598803326594185,-0.049324640520591316
9.45,-0.9996819412301848,-0.02521936514365872,-0.9996819412301848,0.02521936514365872,-0.9996819412301848,0.02521936514365872,-5.290236118302916,-7.362611924062881e-17,-88.55488360137213,-0.09192375663036056,0.005266486525802724,0.05020790857491301
9.5,-0.9971721561963784,-0.0751511204618093,-0.9971721561963784,0.0751511204618093,-0.9971721561963784,0.0751511204618093,-5.29145884553747,-9.819097801573386e-17,-85.69009462571796,-0.09102532357558271,0.015076257508670329,0.1492385014774799
9.55,-0.9921699600893009,-0.12489503711675232,-0.9921699600893009,0.12489503711675232,-0.9921699600893009,0.12489503711675232,-5.293897517543201,-9.823648976451068e-17,-82.8253056500638,-0.08924002273782931,0.024732525681403248,0.24677707879747326
9.6,-0.984687855794127,-0.17432678122297965,-0.984687855794127,0.17432678122297965,-0.984687855794127,0.17432678122297965,-5.297549381623177,-1.966092867957384e-16,-79.96051667440975,-0.08658356786831795,0.03413886945949153,0.3418485099427393
9.65,-0.9747445446749893,-0.2233227991637839,-0.9747445446749893,0.2233227991637839,-0.9747445446749893,0.2233227991637839,-5.302410292807626,-1.9679072472212412e-16,-77.0957276987556,-0.08307937358419894,0.04320139240450345,0.43350234992933184
9.700000000000001,-0.9623648798313097,-0.2717606264109442,-0.9623648798313097,0.2717606264109442,-0.9623648798313097,0.2717606264109442,-5.308474691229858,-1.97017087909361e-16,-74.23093872310143,-0.07875838603839858,0.051829660504488284,0.5208223489803692
9.75,-0.9475798039779932,-0.31951919362227366,-0.9475798039779932,0.31951919362227366,-0.9475798039779932,0.31951919362227366,-5.31573557214699,-1.9728811754042837e-16,-71.36614974744738,-0.07365885814754222,0.05993760458897994,0.6029356196798998
9.8,-0.9304262721047533,-0.3664791292519284,-0.9304262721047533,0.3664791292519284,-0.9304262721047533,0.3664791292519284,-5.324184448759707,0.,-68.50136077179323,-0.06782607019982712,0.06744437887382758,0.6790213698779566
9.85,-0.9109471591078876,-0.4125230579170927,-0.9109471591078876,0.4125230579170927,-0.9109471591078876,0.4125230579170927,-5.333811308029016,0.,-65.63657179613917,-0.06131199688682482,0.07427516707198814,0.7483191138919769
9.9,-0.8891911526253609,-0.45753589377532133,-0.8891911526253609,0.45753589377532133,-0.8891911526253609,0.45753589377532133,-5.344604559735402,3.9673156880940655e-16,-62.77178282048501,-0.05417492203616163,0.08036192803275315,0.810136279775061
9.950000000000001,-0.8652126313430711,-0.5014051281791989,-0.8652126313430711,0.5014051281791989,-0.8652126313430711,0.5014051281791989,-5.356550979077114,0.,-59.90699384483085,-0.04647900256777008,0.0856440734783366,0.8638551364706343
10.,-0.8390715290764524,-0.5440211108893698,-0.8390715290764524,0.5440211108893698,-0.8390715290764524,0.5440211108893698,-5.36963564316045,0.,-57.04220486917679,-0.038293783456619844,0.09006907108728716,0.908938971486148
